StartDate,EndDate,Status,IPAddress,Progress,Duration (in seconds),Finished,RecordedDate,ResponseId,RecipientLastName,RecipientFirstName,RecipientEmail,ExternalReference,LocationLatitude,LocationLongitude,DistributionChannel,UserLanguage,I 1 _1,I 2_1,I 2_2,I 2_3,"I 3 ",I 4,I 5_1,I 5_2,I 5_3,I 5_4,I 6,I 7_1,I 7_2,I 7_3,I 7_4,I 7_5,EX 1.2_1,EX 1.3_1,EX 1.3_2,EX 1.3_3,EX 1.3_4,EX 1.3_5,EX 1.3_6,EX 2.2_1,EX 2.3_1,EX 2.3_2,EX 2.3_3,EX 2.3_4,EX 2.3_5,EX 2.3_6,FT 1_1,FT 2_1,FT 3_1,FT 3_2,FT 3_3,FT 3_4,FT 3_5,FT 4_1,FT 4_2,FT 4_3,FT 4_4,FT 5_1,FT 6_1,FT 6_2,FT 6_3,FT 6_4,FT 6_5,ED 2_1,NE 1_1,D 1,D 2,D 3,D 3_4_TEXT,D 4,D 4_3_TEXT,D 5,D 6,Group,Group1
Start Date,End Date,Response Type,IP Address,Progress,Duration (in seconds),Finished,Recorded Date,Response ID,Recipient Last Name,Recipient First Name,Recipient Email,External Data Reference,Location Latitude,Location Longitude,Distribution Channel,User Language,What i wear is a reflection of my identity/personality - Please select answer,What are the three most important attributes when you think of clothing? - Attribute 1,What are the three most important attributes when you think of clothing? - Attribute 2,What are the three most important attributes when you think of clothing? - Attribute 3,How often do you buy a new pair of jeans?,How much money do you spend per year on clothing?,"If you had to distribute 100 points, where would you buy your clothes? - In online shops (Zalando, About You, etc.)","If you had to distribute 100 points, where would you buy your clothes? - In fast fashion stores (Zara, H&M, etc.)","If you had to distribute 100 points, where would you buy your clothes? - In sustainable fashion stores","If you had to distribute 100 points, where would you buy your clothes? - In sustainable online shops",How much do you normally pay for a pair of jeans?,What is most important for you when you buy a pair of jeans? - Style,What is most important for you when you buy a pair of jeans? - Price,What is most important for you when you buy a pair of jeans? - Quality,What is most important for you when you buy a pair of jeans? - Sustainability,What is most important for you when you buy a pair of jeans? - Fair trade,I would pay … € for this pair of jeans. - Price for jeans,"When setting the price for this product, I was influenced by the following factors. - Sustainability","When setting the price for this product, I was influenced by the following factors. - Style","When setting the price for this product, I was influenced by the following factors. - Label","When setting the price for this product, I was influenced by the following factors. - Indispensability","When setting the price for this product, I was influenced by the following factors. - Personal preferences","When setting the price for this product, I was influenced by the following factors. - Working condition",I would pay …. € for this pair of jeans. - Price for jeans,"When setting the price for this product, I was influenced by the following factors. - Sustainability","When setting the price for this product, I was influenced by the following factors. - Style","When setting the price for this product, I was influenced by the following factors. - Label","When setting the price for this product, I was influenced by the following factors. - Indispensability","When setting the price for this product, I was influenced by the following factors. - Personal preferences","When setting the price for this product, I was influenced by the following factors. - Working condition","How familiar are you with the term ""fair trade"" - Please select answer",What percentage of your clothes that you bought in the last 12 months is fair trade? - Percentage of fair trade clothes,"Why do you not buy ""fair trade"" clothes? - I don't like the style","Why do you not buy ""fair trade"" clothes? - Prices are too high","Why do you not buy ""fair trade"" clothes? - I don't trust labels","Why do you not buy ""fair trade"" clothes? - Sustainable clothing is not important for me","Why do you not buy ""fair trade"" clothes? - Quality is not good","I buy ""fair trade"" products because: - I think they are sustainable","I buy ""fair trade"" products because: - I think they have a better Quality","I buy ""fair trade"" products because: - I feel good when buying fair trade products","I buy ""fair trade"" products because: - I think the working conditions during the manufacturing process are better","How many percentage points would you be willing to pay more for a ""fair trade"" jeans compared to a conventional jeans - I would pay ... % more for a fair trade jeans",To what extent do you agree with the following statements? - Buying fair trade products has a positive impact on me and my environment.,To what extent do you agree with the following statements? - Buying fair trade products makes me feel like I am a better person.,To what extent do you agree with the following statements? - Fair trade for clothes is as important as for food.,To what extent do you agree with the following statements? - Fair trade products have a better quality than conventional products.,To what extent do you agree with the following statements? - I always check if there is a fair trade label before buying a product.,"If you think of the next 12 months, how much of your fashion purchases (in percentage) will be on fair trade fashion? - Percentage of fair trade clothes","If you think of the next 12 months, how much of your fashion purchases (in percentage) will be on fair trade fashion? - Percentage of fair trade clothes",Gender,How old are you?,What is your profession? - Selected Choice,What is your profession? - Other - Text,What's your nationality - Selected Choice,What's your nationality - Other - Text,What is your highest school/university degree?,Please state your approximately average net income per month,Group,Group1
"{""ImportId"":""startDate"",""timeZone"":""America/Denver""}","{""ImportId"":""endDate"",""timeZone"":""America/Denver""}","{""ImportId"":""status""}","{""ImportId"":""ipAddress""}","{""ImportId"":""progress""}","{""ImportId"":""duration""}","{""ImportId"":""finished""}","{""ImportId"":""recordedDate"",""timeZone"":""America/Denver""}","{""ImportId"":""_recordId""}","{""ImportId"":""recipientLastName""}","{""ImportId"":""recipientFirstName""}","{""ImportId"":""recipientEmail""}","{""ImportId"":""externalDataReference""}","{""ImportId"":""locationLatitude""}","{""ImportId"":""locationLongitude""}","{""ImportId"":""distributionChannel""}","{""ImportId"":""userLanguage""}","{""ImportId"":""QID2_1""}","{""ImportId"":""QID1_1""}","{""ImportId"":""QID1_2""}","{""ImportId"":""QID1_3""}","{""ImportId"":""QID3""}","{""ImportId"":""QID49_TEXT""}","{""ImportId"":""QID50_1""}","{""ImportId"":""QID50_2""}","{""ImportId"":""QID50_3""}","{""ImportId"":""QID50_4""}","{""ImportId"":""QID4""}","{""ImportId"":""QID5_1""}","{""ImportId"":""QID5_2""}","{""ImportId"":""QID5_3""}","{""ImportId"":""QID5_4""}","{""ImportId"":""QID5_5""}","{""ImportId"":""QID36_1""}","{""ImportId"":""QID37_1""}","{""ImportId"":""QID37_2""}","{""ImportId"":""QID37_3""}","{""ImportId"":""QID37_4""}","{""ImportId"":""QID37_5""}","{""ImportId"":""QID37_6""}","{""ImportId"":""QID17_1""}","{""ImportId"":""QID18_1""}","{""ImportId"":""QID18_2""}","{""ImportId"":""QID18_3""}","{""ImportId"":""QID18_4""}","{""ImportId"":""QID18_5""}","{""ImportId"":""QID18_6""}","{""ImportId"":""QID24_1""}","{""ImportId"":""QID27_1""}","{""ImportId"":""QID43_1""}","{""ImportId"":""QID43_2""}","{""ImportId"":""QID43_3""}","{""ImportId"":""QID43_4""}","{""ImportId"":""QID43_5""}","{""ImportId"":""QID44_1""}","{""ImportId"":""QID44_2""}","{""ImportId"":""QID44_3""}","{""ImportId"":""QID44_4""}","{""ImportId"":""QID25_1""}","{""ImportId"":""QID29_1""}","{""ImportId"":""QID29_2""}","{""ImportId"":""QID29_3""}","{""ImportId"":""QID29_4""}","{""ImportId"":""QID29_5""}","{""ImportId"":""QID51_1""}","{""ImportId"":""QID52_1""}","{""ImportId"":""QID30""}","{""ImportId"":""QID31_TEXT""}","{""ImportId"":""QID46""}","{""ImportId"":""QID46_4_TEXT""}","{""ImportId"":""QID32""}","{""ImportId"":""QID32_3_TEXT""}","{""ImportId"":""QID33""}","{""ImportId"":""QID34""}","{""ImportId"":""Group""}","{""ImportId"":""Group1""}"
2021-11-11 09:33:52,2021-11-11 09:39:29,IP Address,89.144.202.7,100,336,True,2021-11-11 09:39:29,R_3lYYp1Ljtl6ortC,,,,,48.2342071533203125,16.3249969482421875,anonymous,EN,5,,,,Every 6 month,800,50,50,0,0,under 50 €,7 (very important),7 (very important),7 (very important),5,1 (not important),,,,,,,,32,3,1 (not influenced at all),2,3,3,2,5,6,,,,,,5,2,5,4,25,4,6,5,5,1 (strongly disagree,6,,Female,23,Employed,,Austria,,Bachelor's degree,1000-2000,Test Group 2,Education
2021-11-11 09:35:31,2021-11-11 09:41:07,IP Address,213.99.16.51,100,335,True,2021-11-11 09:41:08,R_yvIliNxxiL9ldG9,,,,,48.307403564453125,14.285003662109375,anonymous,EN,5,Easy to handle,Get fast in a shop,Good qualiy,Less than once a year,300,5,5,65,25,50-80 €,4,1 (not important),7 (very important),6,5,76,7 (strongly influenced),4,3,4,6,5,,,,,,,,6,17,,,,,,7 (strongly agree),5,4,6,73,6,6,7 (strongly agree,3,3,,54,Male,52,Employed,,Austria,,Master's degree,more,Test Group 1,No Education
2021-11-11 09:36:41,2021-11-11 09:43:28,IP Address,84.115.233.26,100,406,True,2021-11-11 09:43:28,R_3jZkICq3rbozNp4,,,,,48.15350341796875,16.385498046875,anonymous,EN,5,comfort,"Authenticity ",sustainable,Every 6 month,2000,40,15,5,40,50-80 €,6,3,6,5,3,,,,,,,,35,6,5,6,4,6,3,4,20,,,,,,5,4,6,7 (strongly agree),40,6,7 (strongly agree,6,4,2,30,,Female,22,Employed,,Austria,,Bachelor's degree,1000-2000,Test Group 2,Education
2021-11-11 09:41:56,2021-11-11 09:46:27,IP Address,89.144.221.160,100,270,True,2021-11-11 09:46:27,R_27VfoVDy44gUuB1,,,,,48.2342071533203125,16.3249969482421875,anonymous,EN,5,"versatile ",timeless,pretty,Every 6 month,400,100,0,0,0,under 50 €,4,2,4,3,2,41,5,1 (not influenced at all),7 (strongly influenced),4,1 (not influenced at all),2,,,,,,,,2,20,,,,,,3,5,4,5,40,6,4,7 (strongly agree,7 (strongly agree,1 (strongly disagree,,33,Female,23,Employed,,Germany,,Bachelor's degree,1000-2000,Test Group 1,No Education
2021-11-11 09:37:31,2021-11-11 09:47:14,IP Address,91.114.172.68,100,583,True,2021-11-11 09:47:15,R_3j204eQEPOa4uHQ,,,,,48.307403564453125,14.285003662109375,anonymous,EN,4,Gemütlich,Schön,Gute Material,Less than once a year,800,30,30,20,20,81-100€,6,6,6,6,5,,,,,,,,60,2,5,4,4,3,3,3,2,,,,,,3,3,5,6,10,6,2,7 (strongly agree,5,2,20,,Female,52,Self employed,,Austria,,High school diploma,2000-3000,Test Group 2,Education
2021-11-11 09:43:14,2021-11-11 09:49:37,IP Address,83.57.6.240,100,382,True,2021-11-11 09:49:37,R_3qL7DclzKuJjCCB,,,,,40.4163055419921875,-3.6934051513671875,anonymous,EN,6,outstanding,unique,happiness,Every 6 month,1000,5,50,0,45,under 50 €,7 (very important),5,5,1 (not important),1 (not important),,,,,,,,30,1 (not influenced at all),4,5,4,5,1 (not influenced at all),5,10,,,,,,2,6,5,7 (strongly agree),50,7 (strongly agree,7 (strongly agree,7 (strongly agree,6,2,,10,Female,23,Student,,Austria,,High school diploma,<1000,Test Group 2,No Education
2021-11-11 09:41:08,2021-11-11 09:51:15,IP Address,213.225.36.181,100,607,True,2021-11-11 09:51:16,R_3FX5HixkUpFCygI,,,,,48.204803466796875,16.380096435546875,anonymous,EN,4,fit,comfort,colour,Every 6 month,1000,35,5,5,55,81-100€,7 (very important),5,7 (very important),7 (very important),6,50,7 (strongly influenced),5,7 (strongly influenced),3,5,7 (strongly influenced),,,,,,,,5,70,,,,,,6,5,7 (strongly agree),7 (strongly agree),30,6,7 (strongly agree,7 (strongly agree,6,5,,80,Female,23,Employed,,Austria,,Bachelor's degree,<1000,Test Group 1,No Education
2021-11-11 09:50:45,2021-11-11 09:55:21,IP Address,89.144.211.176,100,276,True,2021-11-11 09:55:22,R_1FrIc5DU1QDpEam,,,,,48.1436004638671875,16.294097900390625,anonymous,EN,4,Clean,Stylish,Comfy,Every 9 month,300,50,50,0,0,50-80 €,7 (very important),3,7 (very important),2,2,,,,,,,,40,2,6,6,4,6,2,6,0,1 (strongly disagree),5,1 (strongly disagree),6,1 (strongly disagree),,,,,48,7 (strongly agree,6,4,3,1 (strongly disagree,2,,Female,23,Employed,,Austria,,Bachelor's degree,2000-3000,Test Group 2,Education
2021-11-11 09:52:41,2021-11-11 09:56:33,IP Address,188.23.89.200,100,231,True,2021-11-11 09:56:33,R_3ISRcrXBohJGs3B,,,,,48.193603515625,16.3726043701171875,anonymous,EN,6,Stylish,Quality,Fit,Every 9 month,900,70,30,0,0,under 50 €,7 (very important),5,7 (very important),3,2,54,5,7 (strongly influenced),5,4,7 (strongly influenced),4,,,,,,,,5,20,,,,,,3,3,6,5,25,5,5,5,5,3,,30,Female,25,Student,,Austria,,Bachelor's degree,<1000,Test Group 1,No Education
2021-11-11 09:56:17,2021-11-11 10:05:57,IP Address,213.225.9.103,100,579,True,2021-11-11 10:05:58,R_6fcStyMA3oAIZAB,,,,,48.204803466796875,16.380096435546875,anonymous,EN,7 (strongly agree),quality,function,style,Every 6 month,1500,50,20,15,15,101-150€,5,3,7 (very important),4,2,50,4,5,6,4,4,4,,,,,,,,5,15,,,,,,7 (strongly agree),5,4,7 (strongly agree),30,5,6,7 (strongly agree,4,1 (strongly disagree,15,,Female,23,Student,,Austria,,High school diploma,1000-2000,Test Group 1,Education
2021-11-11 10:01:17,2021-11-11 10:06:08,IP Address,89.144.211.219,100,290,True,2021-11-11 10:06:08,R_PYUvJKxhRvuPegN,,,,,48.1436004638671875,16.294097900390625,anonymous,EN,5,style,utility,quality,Every 6 month,700,40,40,10,10,under 50 €,6,5,5,4,3,,,,,,,,35,2,6,4,4,5,2,5,15,,,,,,4,4,6,5,40,6,7 (strongly agree,7 (strongly agree,4,2,30,,Female,23,Student,,Austria,,Bachelor's degree,<1000,Test Group 2,Education
2021-11-11 10:02:27,2021-11-11 10:09:03,IP Address,91.114.172.68,100,396,True,2021-11-11 10:09:03,R_2qlytcjCyVFUV1U,,,,,48.307403564453125,14.285003662109375,anonymous,EN,5,Comfortable,Stylish,Diverse,Every 6 month,250,70,20,0,10,50-80 €,7 (very important),3,5,3,2,100,6,2,6,4,2,5,,,,,,,,5,5,,,,,,6,3,7 (strongly agree),7 (strongly agree),25,6,6,6,3,2,,10,Male,18,Student,,Austria,,Compulsory schooling,<1000,Test Group 1,No Education
2021-11-11 09:58:52,2021-11-11 10:09:05,IP Address,217.149.172.19,100,612,True,2021-11-11 10:09:05,R_3eylKXzGXa2xN3x,,,,,48.195098876953125,16.348297119140625,anonymous,EN,4,stylish,must underline my body type,not that pricy,Every 6 month,400,40,45,10,5,under 50 €,7 (very important),5,4,3,2,40,7 (strongly influenced),5,6,4,4,4,,,,,,,,5,10,,,,,,7 (strongly agree),5,7 (strongly agree),6,30,6,6,3,4,1 (strongly disagree,,10,Female,24,Student,,Austria,,Bachelor's degree,<1000,Test Group 1,No Education
2021-11-11 10:04:35,2021-11-11 10:10:44,IP Address,81.10.240.27,100,368,True,2021-11-11 10:10:44,R_p3MfuH2CHEIlR7j,,,,,48.21240234375,14.485595703125,anonymous,EN,5,fair,minimalistic,basic,Every 9 month,500,50,5,15,30,81-100€,7 (very important),2,7 (very important),7 (very important),5,,,,,,,,58,2,2,7 (strongly influenced),5,2,7 (strongly influenced),4,20,,,,,,5,6,7 (strongly agree),7 (strongly agree),51,7 (strongly agree,7 (strongly agree,6,6,3,70,,Female,22,Student,,Austria,,High school diploma,<1000,Test Group 2,Education
2021-11-11 10:03:17,2021-11-11 10:13:14,IP Address,213.205.197.103,100,597,True,2021-11-11 10:13:15,R_2wEsautPPP6hpMV,,,,,52.6923065185546875,-1.822601318359375,anonymous,EN,4,"Comfortable ","Stylish ","Good quality ",Every 9 month,500,0,100,0,0,50-80 €,7 (very important),4,7 (very important),4,7 (very important),,,,,,,,45,4,7 (strongly influenced),7 (strongly influenced),5,6,1 (not influenced at all),6,25,,,,,,4,4,7 (strongly agree),7 (strongly agree),100,7 (strongly agree,7 (strongly agree,7 (strongly agree,7 (strongly agree,4,40,,Female,28,Self employed,,Other,English,Bachelor's degree,3000-4000,Test Group 2,Education
2021-11-11 10:10:34,2021-11-11 10:15:49,IP Address,62.47.167.110,100,314,True,2021-11-11 10:15:49,R_3oH0Pc8r4BbJV3u,,,,,48.2154998779296875,16.3074951171875,anonymous,EN,6,long-lasting,"sustainable ","comfortable ",Every 9 month,600,0,35,45,20,101-150€,5,5,7 (very important),7 (very important),7 (very important),85,7 (strongly influenced),5,4,6,6,7 (strongly influenced),,,,,,,,5,71,,,,,,7 (strongly agree),6,7 (strongly agree),7 (strongly agree),40,6,7 (strongly agree,7 (strongly agree,5,7 (strongly agree,,64,Female,23,Employed,,Austria,,Bachelor's degree,1000-2000,Test Group 1,No Education
2021-11-11 09:45:59,2021-11-11 10:16:36,IP Address,90.146.253.57,100,1837,True,2021-11-11 10:16:37,R_Byvi5lhBz0U6dfb,,,,,48.1858978271484375,14.12139892578125,anonymous,EN,7 (strongly agree),,,,Every 9 month,400,10,40,40,10,50-80 €,7 (very important),4,5,7 (very important),7 (very important),,,,,,,,40,3,3,3,3,3,3,5,50,,,,,,4,4,7 (strongly agree),4,60,5,4,7 (strongly agree,4,4,50,,Female,17,Student,,Austria,,Compulsory schooling,<1000,Test Group 2,Education
2021-11-11 10:14:19,2021-11-11 10:18:01,IP Address,89.144.221.153,100,222,True,2021-11-11 10:18:01,R_1qgoYiXsuR5nlhr,,,,,48.2342071533203125,16.3249969482421875,anonymous,EN,1 (strongly disagree),,,,Every 3 month,1000,80,20,0,0,101-150€,7 (very important),4,6,3,1 (not important),68,5,2,5,4,5,4,,,,,,,,6,0,3,3,3,2,3,,,,,10,5,4,4,4,1 (strongly disagree,,0,Female,23,Student,,Austria,,Bachelor's degree,2000-3000,Test Group 1,No Education
2021-11-11 10:12:40,2021-11-11 10:18:37,IP Address,213.225.38.94,100,357,True,2021-11-11 10:18:38,R_1r7TGDYcHGy7stn,,,,,48.301605224609375,16.343597412109375,anonymous,EN,5,,,,Every 6 month,2000,50,50,0,0,under 50 €,4,6,4,4,3,,,,,,,,40,4,5,5,4,4,2,2,3,,,,,,2,4,5,6,30,4,5,5,5,2,,20,Male,26,Employed,,Austria,,Compulsory schooling,2000-3000,Test Group 2,No Education
2021-11-11 10:18:14,2021-11-11 10:26:45,IP Address,213.142.97.50,100,511,True,2021-11-11 10:26:46,R_31FcAskN3UypKf3,,,,,48.15350341796875,16.385498046875,anonymous,EN,7 (strongly agree),Schick,"Bequem ","Qualität ",Less than once a year,400,10,0,90,0,50-80 €,4,4,6,5,5,79,6,6,6,5,5,4,,,,,,,,5,20,,,,,,4,4,5,6,73,5,5,3,3,3,,40,Female,53,Self employed,,Austria,,Compulsory schooling,1000-2000,Test Group 1,No Education
2021-11-11 10:20:24,2021-11-11 10:27:08,IP Address,91.141.59.75,100,403,True,2021-11-11 10:27:08,R_25TnxiKhbOufgMg,,,,,48.2169952392578125,16.3943939208984375,anonymous,EN,6,Style,Quality,Price,Every 6 month,500,40,20,20,20,50-80 €,6,5,7 (very important),3,1 (not important),40,7 (strongly influenced),5,5,5,6,4,,,,,,,,6,0,2,6,2,4,2,,,,,20,5,5,6,3,1 (strongly disagree,5,,Female,19,Student,,Austria,,High school diploma,<1000,Test Group 1,Education
2021-11-11 10:19:38,2021-11-11 10:27:10,IP Address,81.10.224.179,100,452,True,2021-11-11 10:27:11,R_ph4vod46PeVOWiJ,,,,,48.1858978271484375,14.12139892578125,anonymous,EN,6,,,,Every 3 month,1000,0,70,30,0,under 50 €,5,7 (very important),4,5,2,,,,,,,,34,1 (not influenced at all),4,5,2,4,5,4,20,,,,,,4,4,6,7 (strongly agree),55,7 (strongly agree,6,7 (strongly agree,6,2,50,,Female,15,Student,,Austria,,Compulsory schooling,<1000,Test Group 2,Education
2021-11-11 10:23:33,2021-11-11 10:29:16,IP Address,62.240.134.158,100,343,True,2021-11-11 10:29:17,R_1qfhHU9bKX9NDrT,,,,,48.2169036865234375,16.49969482421875,anonymous,EN,5,Material,Sustainability,,Every 9 month,500,40,60,0,0,50-80 €,7 (very important),6,7 (very important),5,4,,,,,,,,50,4,5,6,4,5,4,4,11,,,,,,6,3,4,6,30,5,3,6,3,3,25,,Male,25,Student,,Austria,,Bachelor's degree,<1000,Test Group 2,Education
2021-11-11 10:08:44,2021-11-11 10:30:52,IP Address,62.205.122.82,100,1328,True,2021-11-11 10:30:52,R_3lQ6jm0mQMYRXv4,,,,,51.2191925048828125,4.391693115234375,anonymous,EN,5,Fit,Colours,Quality,Every 3 month,1400,20,20,50,10,50-80 €,7 (very important),4,5,5,5,,,,,,,,35,6,3,6,3,5,6,4,5,,,,,,5,5,7 (strongly agree),6,40,6,4,5,5,2,,20,Female,25,Student,,Austria,,High school diploma,1000-2000,Test Group 2,No Education
2021-11-11 10:21:25,2021-11-11 10:49:00,IP Address,178.165.184.134,100,1655,True,2021-11-11 10:49:01,R_1eK1KOLg2BOXBx1,,,,,48.2169036865234375,16.49969482421875,anonymous,EN,3,Comfy,Style,Stretch,Every 9 month,250,0,40,60,0,81-100€,7 (very important),4,7 (very important),5,4,69,5,2,4,2,1 (not influenced at all),6,,,,,,,,4,0,5,5,2,2,2,,,,,20,6,5,6,2,3,60,,Male,22,Employed,,Austria,,High school diploma,1000-2000,Test Group 1,Education
2021-11-11 10:56:59,2021-11-11 11:02:55,IP Address,2.152.83.239,100,356,True,2021-11-11 11:02:56,R_1mdT5i2nXgfBLFO,,,,,41.386993408203125,2.17010498046875,anonymous,EN,7 (strongly agree),Shoes,Coat,Top,Every 3 month,2000,30,60,10,0,under 50 €,6,7 (very important),7 (very important),5,5,,,,,,,,45,6,4,2,2,5,2,5,20,,,,,,5,5,6,7 (strongly agree),40,4,4,6,5,2,,30,Female,28,Employed,,Other,Spain,Bachelor's degree,2000-3000,Test Group 2,No Education
2021-11-11 11:38:48,2021-11-11 11:47:45,IP Address,84.115.235.67,100,537,True,2021-11-11 11:47:45,R_wKVwr8FE0U4ad9v,,,,,48.195098876953125,16.348297119140625,anonymous,EN,5,Comfort,Recycled materials or vintage,Uniqueness,Less than once a year,600,20,0,40,40,50-80 €,7 (very important),1 (not important),7 (very important),7 (very important),4,0,7 (strongly influenced),1 (not influenced at all),7 (strongly influenced),1 (not influenced at all),7 (strongly influenced),1 (not influenced at all),,,,,,,,6,19,,,,,,4,5,7 (strongly agree),7 (strongly agree),68,7 (strongly agree,7 (strongly agree,7 (strongly agree,6,5,,51,Female,25,Other,Student & Employed,Austria,,Bachelor's degree,1000-2000,Test Group 1,No Education
2021-11-11 11:41:14,2021-11-11 11:55:20,IP Address,109.252.70.52,100,845,True,2021-11-11 11:55:20,R_24tGKleMmSlr4m6,,,,,55.7483062744140625,37.617095947265625,anonymous,EN,4,shoes,shirts,suit,Less than once a year,1000,25,25,50,0,81-100€,5,3,5,3,1 (not important),,,,,,,,80,2,5,4,3,5,4,4,20,,,,,,3,5,4,2,40,3,2,6,1 (strongly disagree,5,40,,Male,45,Self employed,,Other,Russia,Master's degree,2000-3000,Test Group 2,Education
2021-11-11 11:48:47,2021-11-11 11:58:55,IP Address,109.252.70.52,100,608,True,2021-11-11 11:58:55,R_3s5D0igRygvOQsd,,,,,55.7483062744140625,37.617095947265625,anonymous,EN,5,"Comfortable ","Beautiful ","Oversizes ",Once a month,80000,1,50,30,19,101-150€,7 (very important),4,7 (very important),4,5,,,,,,,,82,4,2,7 (strongly influenced),2,4,5,4,56,,,,,,2,4,4,5,56,5,4,6,4,6,,45,Female,51,Self employed,,Other,Russia,Master's degree,3000-4000,Test Group 2,No Education
2021-11-11 11:47:58,2021-11-11 11:59:21,IP Address,213.87.146.109,100,683,True,2021-11-11 11:59:21,R_3MhrBJPIqkEkO1f,,,,,55.7483062744140625,37.617095947265625,anonymous,EN,3,Weather,Fascion,Culture,Every 9 month,1500,0,30,70,0,81-100€,7 (very important),3,7 (very important),2,3,40,1 (not influenced at all),7 (strongly influenced),7 (strongly influenced),2,6,1 (not influenced at all),,,,,,,,4,17,,,,,,2,6,2,2,9,4,2,3,5,1 (strongly disagree,29,,Female,46,Employed,,Other,,Master's degree,1000-2000,Test Group 1,Education
2021-11-11 11:53:20,2021-11-11 12:06:04,IP Address,109.252.184.88,100,763,True,2021-11-11 12:06:04,R_RXopBNhkHoTUyit,,,,,55.7483062744140625,37.617095947265625,anonymous,EN,7 (strongly agree),Weather,Mood,The aim of event,Every 3 month,2000,45,45,5,5,under 50 €,5,3,5,7 (very important),3,,,,,,,,36,5,7 (strongly influenced),7 (strongly influenced),5,7 (strongly influenced),5,5,4,,,,,,4,2,2,2,18,4,4,3,2,1 (strongly disagree,,26,Female,15,Student,,Other,Russian,Compulsory schooling,<1000,Test Group 2,No Education
2021-11-11 12:14:10,2021-11-11 12:28:30,IP Address,109.252.70.52,100,860,True,2021-11-11 12:28:30,R_O202jnVEo20hfB7,,,,,55.7483062744140625,37.617095947265625,anonymous,EN,5,price,fascion,brand,Every 9 month,2000,10,20,60,10,81-100€,7 (very important),5,7 (very important),2,2,100,2,7 (strongly influenced),5,4,7 (strongly influenced),3,,,,,,,,4,40,,,,,,6,7 (strongly agree),2,2,39,5,2,5,7 (strongly agree,2,71,,Female,45,Employed,,Other,Russia,Master's degree,2000-3000,Test Group 1,Education
2021-11-11 12:14:09,2021-11-11 12:31:49,IP Address,80.109.19.143,100,1060,True,2021-11-11 12:31:49,R_2RPIIoE3PqBXzah,,,,,48.1967926025390625,16.3191070556640625,anonymous,EN,7 (strongly agree),Stylish,Trendy,"Comfy ",Every 6 month,3000,5,0,60,35,101-150€,6,3,6,4,4,90,5,5,6,4,7 (strongly influenced),4,,,,,,,,6,40,,,,,,5,3,4,6,30,5,5,3,3,1 (strongly disagree,20,,Male,46,Employed,,Austria,,Master's degree,3000-4000,Test Group 1,Education
2021-11-11 12:19:18,2021-11-11 12:32:33,IP Address,109.252.70.52,100,794,True,2021-11-11 12:32:33,R_2wBSU02rpEOi4BY,,,,,55.7483062744140625,37.617095947265625,anonymous,EN,5,Price,material,sustainability,Every 9 month,1000,50,0,25,25,50-80 €,6,7 (very important),5,4,3,,,,,,,,40,5,6,3,2,6,4,4,0,5,7 (strongly agree),4,2,1 (strongly disagree),,,,,20,2,4,6,7 (strongly agree,1 (strongly disagree,,25,Male,38,Employed,,Other,Russia,Master's degree,3000-4000,Test Group 2,No Education
2021-11-11 12:27:21,2021-11-11 12:38:03,IP Address,109.252.51.1,100,641,True,2021-11-11 12:38:03,R_1puGRzqRfCsxHaF,,,,,55.7483062744140625,37.617095947265625,anonymous,EN,4,t-shirt,"jeans ","shoes ",Every 6 month,1500,5,40,5,50,50-80 €,4,7 (very important),7 (very important),7 (very important),4,,,,,,,,70,4,5,7 (strongly influenced),7 (strongly influenced),7 (strongly influenced),1 (not influenced at all),4,100,,,,,,5,7 (strongly agree),7 (strongly agree),7 (strongly agree),94,7 (strongly agree,7 (strongly agree,7 (strongly agree,7 (strongly agree,4,,81,Female,28,Employed,,Other,Russia,Master's degree,1000-2000,Test Group 2,No Education
2021-11-11 12:56:40,2021-11-11 13:07:06,IP Address,213.87.149.113,100,625,True,2021-11-11 13:07:06,R_xgahrG92jhcPEVX,,,,,55.7483062744140625,37.617095947265625,anonymous,EN,6,Comfortable,Nice,Fashionable,Less than once a year,2000,0,75,25,0,101-150€,5,2,6,5,5,41,4,5,2,3,6,4,,,,,,,,2,10,,,,,,4,4,4,4,0,4,2,2,4,1 (strongly disagree,10,,Male,46,Employed,,Other,"Russian ",Doctorate/Ph.D.,more,Test Group 1,Education
2021-11-11 13:10:01,2021-11-11 13:20:30,IP Address,109.252.184.88,100,628,True,2021-11-11 13:20:30,R_2QhWxroOuAbGbml,,,,,55.7483062744140625,37.617095947265625,anonymous,EN,5,Jeans,Shoes,Bag,Every 9 month,2000,0,40,50,10,50-80 €,7 (very important),4,7 (very important),4,5,,,,,,,,39,4,4,6,5,5,4,5,49,,,,,,5,5,5,5,32,6,5,5,4,2,,21,Female,45,Employed,,Other,Russian,Master's degree,more,Test Group 2,No Education
2021-11-11 13:56:38,2021-11-11 14:00:49,IP Address,86.56.148.211,100,251,True,2021-11-11 14:00:50,R_2TtPLOzD01BBnSd,,,,,48.0424957275390625,14.421295166015625,anonymous,EN,4,,,,Every 6 month,400,100,0,0,0,81-100€,3,1 (not important),5,4,4,88,4,4,4,4,4,4,,,,,,,,4,43,,,,,,4,4,4,4,45,4,4,4,4,4,39,,Male,26,Employed,,Austria,,Bachelor's degree,2000-3000,Test Group 1,Education
2021-11-11 14:02:48,2021-11-11 14:07:05,IP Address,193.83.45.205,100,256,True,2021-11-11 14:07:05,R_23UhAdpQfbxzbXL,,,,,48.2169036865234375,16.49969482421875,anonymous,EN,6,being comfy,feeling good,matchable,Every 3 month,300,60,30,5,5,under 50 €,7 (very important),5,5,5,5,,,,,,,,25,6,6,6,4,6,6,5,45,,,,,,6,4,6,6,20,5,6,6,4,4,,21,Female,21,Employed,,Austria,,High school diploma,2000-3000,Test Group 2,No Education
2021-11-11 14:10:26,2021-11-11 14:18:10,IP Address,62.46.214.252,100,464,True,2021-11-11 14:18:11,R_3iFr8d7G3lhTm3V,,,,,48.20489501953125,16.3661956787109375,anonymous,EN,5,Comfortable,Warm enough,Nice looking,Every 6 month,500,20,60,10,10,under 50 €,6,4,4,3,2,50,5,2,2,5,3,6,,,,,,,,5,20,,,,,,5,4,6,6,25,5,4,4,2,2,30,,Female,25,Student,,Austria,,Bachelor's degree,<1000,Test Group 1,Education
2021-11-11 15:03:07,2021-11-11 15:08:31,IP Address,87.75.40.188,100,323,True,2021-11-11 15:08:31,R_3maAa84DXQGu926,,,,,51.4615020751953125,-0.140899658203125,anonymous,EN,4,"Style ",Fit,Price,Less than once a year,2000,0,80,0,20,50-80 €,7 (very important),4,6,4,4,,,,,,,,22,6,6,2,6,6,4,6,20,,,,,,5,5,5,5,32,5,5,6,6,2,,60,Female,24,Employed,,Other,British,Bachelor's degree,1000-2000,Test Group 2,No Education
2021-11-11 15:24:53,2021-11-11 15:31:29,IP Address,176.247.196.114,100,395,True,2021-11-11 15:31:29,R_1FsL46AKpFoq43F,,,,,46.0066986083984375,12.3332977294921875,anonymous,EN,6,Vestibilità,"Qualità ","Comodità ",Every 6 month,400,10,90,0,0,under 50 €,7 (very important),6,6,1 (not important),5,25,1 (not influenced at all),6,5,2,5,2,,,,,,,,2,11,,,,,,3,4,5,4,30,2,6,6,3,1 (strongly disagree,40,,Female,22,Student,,Other,,Bachelor's degree,<1000,Test Group 1,Education
2021-11-11 15:26:03,2021-11-11 15:32:44,IP Address,62.46.158.136,100,400,True,2021-11-11 15:32:44,R_tXuRtnhdzwcYXux,,,,,48.307403564453125,14.285003662109375,anonymous,EN,7 (strongly agree),matching,trendy,cheap,Every 9 month,200,30,70,0,0,50-80 €,5,6,6,2,2,,,,,,,,60,2,4,5,3,4,4,5,10,,,,,,3,3,5,5,10,5,4,7 (strongly agree,4,2,,10,Male,19,Student,,Austria,,Compulsory schooling,<1000,Test Group 2,No Education
2021-11-12 00:33:24,2021-11-12 00:43:52,IP Address,84.115.229.237,100,627,True,2021-11-12 00:43:52,R_3RjVGevNqFDkdSK,,,,,48.1981964111328125,16.391693115234375,anonymous,EN,4,comfort,good fit,durability,Every 9 month,250,10,50,30,10,under 50 €,4,5,6,6,4,,,,,,,,25,6,6,2,1 (not influenced at all),6,4,6,11,,,,,,5,4,6,5,20,6,6,5,4,2,24,,Female,23,Student,,Austria,,High school diploma,<1000,Test Group 2,Education
2021-11-12 01:06:52,2021-11-12 01:14:51,IP Address,176.59.54.207,100,479,True,2021-11-12 01:14:52,R_rlFjlUh2TnqGKDn,,,,,55.7483062744140625,37.617095947265625,anonymous,EN,6,Price,Quality,Brand,Less than once a year,1000,10,60,30,0,under 50 €,7 (very important),6,7 (very important),5,4,,,,,,,,60,5,5,5,6,7 (strongly influenced),5,5,28,,,,,,6,5,7 (strongly agree),7 (strongly agree),20,6,7 (strongly agree,7 (strongly agree,5,3,,35,Female,23,Employed,,Other,Russia,Bachelor's degree,1000-2000,Test Group 2,No Education
2021-11-12 01:09:02,2021-11-12 01:18:45,IP Address,213.225.33.244,100,583,True,2021-11-12 01:18:46,R_Rh2jHJzm6Zvm09z,,,,,48.1875,16.3549957275390625,anonymous,EN,5,,,,Every 3 month,500,50,50,0,0,under 50 €,5,3,6,3,2,56,6,2,6,4,3,1 (not influenced at all),,,,,,,,4,0,2,6,4,4,4,,,,,13,3,2,4,2,1 (strongly disagree,6,,Female,21,Student,,Germany,,High school diploma,<1000,Test Group 1,Education
2021-11-12 01:13:36,2021-11-12 01:18:56,IP Address,213.55.221.61,100,319,True,2021-11-12 01:18:56,R_3MPtSlOnlFmgOdA,,,,,46.9447021484375,7.4651031494140625,anonymous,EN,5,Comfortable,Pretty,Holds for some years,Every 9 month,600,30,70,0,0,81-100€,7 (very important),6,7 (very important),3,3,81,7 (strongly influenced),5,7 (strongly influenced),4,6,4,,,,,,,,6,15,,,,,,6,6,7 (strongly agree),6,15,7 (strongly agree,7 (strongly agree,7 (strongly agree,6,1 (strongly disagree,20,,Female,22,Student,,Other,Swiss,Bachelor's degree,<1000,Test Group 1,Education
2021-11-12 01:26:13,2021-11-12 01:32:16,IP Address,31.10.160.155,100,362,True,2021-11-12 01:32:16,R_1QDSvd1b0H2Jccd,,,,,46.5503997802734375,6.55169677734375,anonymous,EN,6,Price,Style,Brand,Every 9 month,500,50,30,0,20,50-80 €,6,6,5,5,4,,,,,,,,36,2,4,6,6,6,1 (not influenced at all),5,70,,,,,,5,2,3,6,30,6,5,6,4,1 (strongly disagree,,50,Male,23,Student,,Other,Swiss,Bachelor's degree,1000-2000,Test Group 2,No Education
2021-11-12 01:21:22,2021-11-12 01:32:27,IP Address,130.223.146.91,100,664,True,2021-11-12 01:32:27,R_2cwm6gQtH7LN7X1,,,,,46.526702880859375,6.624298095703125,anonymous,EN,4,confortable,look good on me,sustainable,Less than once a year,400,25,10,5,60,81-100€,6,2,6,6,5,60,5,4,5,2,5,4,,,,,,,,6,10,,,,,,4,4,4,5,70,4,3,6,5,4,,60,Female,24,Student,,Other,,Bachelor's degree,<1000,Test Group 1,No Education
2021-11-12 01:28:22,2021-11-12 01:34:05,IP Address,213.55.221.66,100,343,True,2021-11-12 01:34:06,R_3MF3DztB56wpfl8,,,,,46.9447021484375,7.4651031494140625,anonymous,EN,5,"Quality ","Color ","Comfortable ",Every 9 month,500,30,15,25,30,81-100€,5,1 (not important),5,3,5,,,,,,,,19,2,6,2,2,3,1 (not influenced at all),4,70,,,,,,2,4,5,5,10,4,5,3,4,1 (strongly disagree,49,,Male,22,Student,,Other,,Master's degree,<1000,Test Group 2,Education
2021-11-12 01:34:13,2021-11-12 01:41:24,IP Address,194.230.146.132,100,430,True,2021-11-12 01:41:24,R_2bUf0dDNr4uVhJR,,,,,46.191497802734375,6.1403045654296875,anonymous,EN,3,"Confortable ",Trendy,Quality,Every 9 month,500,50,50,0,0,under 50 €,6,7 (very important),5,2,2,,,,,,,,20,1 (not influenced at all),1 (not influenced at all),1 (not influenced at all),6,4,1 (not influenced at all),3,20,,,,,,6,2,5,3,10,6,5,6,3,1 (strongly disagree,,20,Female,23,Student,,Other,Swiss,Bachelor's degree,<1000,Test Group 2,No Education
2021-11-12 01:15:18,2021-11-12 01:44:43,IP Address,130.223.148.107,100,1765,True,2021-11-12 01:44:44,R_2ykNPhJv5Wmf82P,,,,,46.518402099609375,6.6436004638671875,anonymous,EN,3,Comfort,Looks,Sustainability,Every 9 month,100,10,10,80,0,under 50 €,5,5,7 (very important),6,6,25,6,5,6,3,4,6,,,,,,,,5,60,,,,,,1 (strongly disagree,1 (strongly disagree,3,6,49,2,4,7 (strongly agree,5,4,70,,Female,24,Student,,Other,Switzerland,Bachelor's degree,1000-2000,Test Group 1,Education
2021-11-12 01:54:28,2021-11-12 02:03:20,IP Address,130.223.145.254,100,531,True,2021-11-12 02:03:20,R_9ELgmV1BQNFDh1T,,,,,46.5301971435546875,6.6697998046875,anonymous,EN,5,Style,Cost,Second hand,Less than once a year,1000,0,0,100,0,50-80 €,7 (very important),6,7 (very important),6,6,,,,,,,,30,7 (strongly influenced),5,6,5,6,7 (strongly influenced),5,90,,,,,,6,6,6,6,30,6,6,5,7 (strongly agree,4,50,,Female,24,Student,,Other,French,Master's degree,<1000,Test Group 2,Education
2021-11-12 02:03:42,2021-11-12 02:09:33,IP Address,130.223.147.250,100,350,True,2021-11-12 02:09:33,R_1KpdvYctb7SkAG0,,,,,46.526702880859375,6.624298095703125,anonymous,EN,5,Style,Comfortable,,Less than once a year,500,60,0,10,30,81-100€,7 (very important),5,7 (very important),5,4,90,6,5,6,2,2,2,,,,,,,,5,20,,,,,,4,2,6,7 (strongly agree),25,5,6,6,3,3,,30,Male,22,Student,,Other,Swiss,Bachelor's degree,<1000,Test Group 1,No Education
2021-11-12 02:07:06,2021-11-12 02:11:59,IP Address,46.183.103.8,100,292,True,2021-11-12 02:12:00,R_d4OVYEhfVYakmZj,,,,,51.2993011474609375,9.490997314453125,anonymous,EN,4,Comfortable,Durable,"Sustainable ",Every 6 month,500,70,30,0,0,50-80 €,4,5,5,5,2,65,6,5,5,3,4,3,,,,,,,,4,10,,,,,,7 (strongly agree),4,4,4,30,5,5,3,3,1 (strongly disagree,51,,Female,23,Student,,Austria,,Bachelor's degree,<1000,Test Group 1,Education
2021-11-12 02:05:35,2021-11-12 02:16:29,IP Address,192.42.199.0,100,653,True,2021-11-12 02:16:29,R_2uKuBOrgUlNkAbJ,,,,,46.526702880859375,6.624298095703125,anonymous,EN,5,style,comfort,fashon,Every 9 month,300,20,30,0,50,under 50 €,7 (very important),7 (very important),7 (very important),3,3,,,,,,,,30,2,6,7 (strongly influenced),5,6,3,6,0,5,4,5,4,3,,,,,63,6,7 (strongly agree,7 (strongly agree,3,1 (strongly disagree,,1,Male,22,Student,,Other,Switzerland,Bachelor's degree,<1000,Test Group 2,No Education
2021-11-12 02:29:09,2021-11-12 02:37:44,IP Address,213.225.3.124,100,514,True,2021-11-12 02:37:44,R_24MDcA9qFNu7dah,,,,,48.301605224609375,16.343597412109375,anonymous,EN,5,long lasting,high quality,sustainable,Less than once a year,700,0,60,40,0,81-100€,5,3,7 (very important),5,3,,,,,,,,49,1 (not influenced at all),3,3,4,5,4,5,30,,,,,,6,1 (strongly disagree,5,6,10,5,6,7 (strongly agree,2,3,,30,Male,23,Student,,Austria,,Bachelor's degree,<1000,Test Group 2,No Education
2021-11-12 02:46:44,2021-11-12 02:55:36,IP Address,84.226.199.188,100,532,True,2021-11-12 02:55:37,R_20MVfstiLibFaNU,,,,,46.488006591796875,6.60699462890625,anonymous,EN,4,Color,"Material ",Design,Less than once a year,200,40,20,0,40,under 50 €,7 (very important),7 (very important),5,4,4,50,5,6,6,4,7 (strongly influenced),4,,,,,,,,3,2,,,,,,5,5,6,7 (strongly agree),25,7 (strongly agree,7 (strongly agree,6,5,6,30,,Male,23,Student,,Other,Swiss,Bachelor's degree,<1000,Test Group 1,Education
2021-11-12 02:50:14,2021-11-12 02:55:39,IP Address,194.96.156.228,100,324,True,2021-11-12 02:55:39,R_1dKxmMXNyMeMYeE,,,,,48.17120361328125,16.3209991455078125,anonymous,EN,5,style,comfortability,price,Every 9 month,250,70,10,10,10,50-80 €,6,6,5,3,3,,,,,,,,59,2,6,4,5,6,3,3,5,,,,,,7 (strongly agree),3,2,5,18,3,3,1 (strongly disagree,1 (strongly disagree,1 (strongly disagree,10,,Male,23,Student,,Austria,,High school diploma,1000-2000,Test Group 2,Education
2021-11-12 02:14:37,2021-11-12 02:57:25,IP Address,84.115.221.195,100,2567,True,2021-11-12 02:57:25,R_2aXfqHCiT9ZNB6l,,,,,48.2154998779296875,16.3074951171875,anonymous,EN,5,Clean,Correct size,Sustainable,Less than once a year,150,10,50,30,10,50-80 €,5,5,6,6,5,60,5,7 (strongly influenced),4,5,7 (strongly influenced),5,,,,,,,,5,9,,,,,,5,2,5,6,19,3,4,7 (strongly agree,3,6,,25,Male,23,Student,,Austria,,Bachelor's degree,<1000,Test Group 1,No Education
2021-11-12 03:55:21,2021-11-12 04:03:58,IP Address,92.114.38.66,100,516,True,2021-11-12 04:03:58,R_AMN0tl8KszBpJLP,,,,,44.4116973876953125,26.042205810546875,anonymous,EN,5,Quality,Clean,Affordable,Every 6 month,1200,30,50,10,10,under 50 €,7 (very important),6,6,2,6,10,2,7 (strongly influenced),3,3,7 (strongly influenced),3,,,,,,,,2,6,,,,,,3,3,3,5,11,3,2,2,2,1 (strongly disagree,22,,Female,23,Student,,Other,Romania,High school diploma,<1000,Test Group 1,Education
2021-11-12 05:32:24,2021-11-12 05:37:55,IP Address,172.225.145.120,100,330,True,2021-11-12 05:37:55,R_2cCaRvMLiOXtO1k,,,,,45.4365997314453125,12.3329925537109375,anonymous,EN,6,"style ",cozy,second skin,Less than once a year,500,15,75,10,0,50-80 €,7 (very important),7 (very important),6,4,5,,,,,,,,50,5,6,7 (strongly influenced),5,6,2,4,0,4,4,3,5,3,,,,,41,5,6,3,5,3,,10,Male,24,Student,,Other,Italian,High school diploma,<1000,Test Group 2,No Education
2021-11-12 06:07:54,2021-11-12 06:18:47,IP Address,90.146.255.194,100,652,True,2021-11-12 06:18:47,R_pQsxEvQtDi1xipj,,,,,48.21240234375,14.485595703125,anonymous,EN,5,Colour,Material,Fashion,Every 9 month,2000,50,15,5,30,81-100€,7 (very important),3,6,6,5,,,,,,,,55,5,7 (strongly influenced),4,4,6,7 (strongly influenced),7 (I'm an expert),25,,,,,,6,4,7 (strongly agree),7 (strongly agree),30,7 (strongly agree,6,7 (strongly agree,4,3,,40,Female,52,Employed,,Austria,,Master's degree,2000-3000,Test Group 2,No Education
2021-11-12 07:07:53,2021-11-12 07:37:31,IP Address,194.208.18.240,100,1777,True,2021-11-12 07:37:31,R_2q1ttR9Vpm1WOKb,,,,,47.27020263671875,9.6488037109375,anonymous,EN,5,Fitting/design,Image,Price,Less than once a year,700,0,0,100,0,101-150€,7 (very important),2,6,5,5,60,7 (strongly influenced),1 (not influenced at all),7 (strongly influenced),4,4,6,,,,,,,,5,10,,,,,,7 (strongly agree),3,5,5,25,6,5,7 (strongly agree,3,4,25,,Male,52,Employed,,Austria,,Master's degree,3000-4000,Test Group 1,Education
2021-11-12 07:28:19,2021-11-12 07:41:00,IP Address,213.87.129.36,100,760,True,2021-11-12 07:41:00,R_2YmMlQVswDUIoMV,,,,,55.7483062744140625,37.617095947265625,anonymous,EN,4,Trousers,T-shirt,Hoodie,Less than once a year,100,15,50,20,15,50-80 €,2,5,4,4,6,,,,,,,,50,4,3,4,2,3,5,6,80,,,,,,4,4,4,3,51,4,3,3,4,2,,50,Male,21,Student,,Other,Russian,Bachelor's degree,1000-2000,Test Group 2,No Education
2021-11-12 00:54:10,2021-11-12 09:32:33,IP Address,194.208.18.240,100,31102,True,2021-11-12 09:32:33,R_puuxw4WIX0nau4x,,,,,47.27020263671875,9.6488037109375,anonymous,EN,5,comfortable,good looking,good quality,Every 6 month,1000,50,10,20,20,81-100€,6,4,7 (very important),6,5,59,1 (not influenced at all),4,7 (strongly influenced),1 (not influenced at all),5,7 (strongly influenced),,,,,,,,4,11,,,,,,4,7 (strongly agree),7 (strongly agree),7 (strongly agree),51,7 (strongly agree,6,7 (strongly agree,4,1 (strongly disagree,22,,Female,19,Student,,Austria,,Compulsory schooling,<1000,Test Group 1,Education
2021-11-12 09:50:51,2021-11-12 10:08:36,IP Address,37.159.115.250,100,1064,True,2021-11-12 10:08:36,R_RzucMENarHdRaw1,,,,,43.7552032470703125,11.1875,anonymous,EN,3,comfy,"pretty  ","Inexpensive ",Less than once a year,300,70,30,0,0,under 50 €,7 (very important),7 (very important),5,4,2,,,,,,,,35,1 (not influenced at all),7 (strongly influenced),1 (not influenced at all),3,5,1 (not influenced at all),2,0,6,3,1 (strongly disagree),3,3,,,,,20,3,2,1 (strongly disagree,1 (strongly disagree,1 (strongly disagree,,4,Female,24,Student,,Other,Italy,Bachelor's degree,2000-3000,Test Group 2,No Education
2021-11-12 09:58:04,2021-11-12 10:10:09,IP Address,194.208.130.250,100,724,True,2021-11-12 10:10:09,R_3kB0RqTu95F7l3V,,,,,47.2317962646484375,9.6013946533203125,anonymous,EN,5,Comfortable,Good looking,"Warm ",Every 9 month,300,15,35,30,20,50-80 €,5,4,6,4,4,98,6,3,3,4,3,4,,,,,,,,5,32,,,,,,5,5,4,6,40,5,4,5,5,3,43,,Female,18,Student,,Austria,,Compulsory schooling,<1000,Test Group 1,Education
2021-11-13 05:43:41,2021-11-13 06:02:15,IP Address,78.25.170.1,100,1114,True,2021-11-13 06:02:16,R_1oAzzU7zt3aY7eQ,,,,,55.0742950439453125,38.7696075439453125,anonymous,EN,3,Convenience,Color,Practicality,Every 6 month,450,25,0,50,25,81-100€,5,4,7 (very important),5,5,69,5,7 (strongly influenced),1 (not influenced at all),3,6,4,,,,,,,,3,30,,,,,,3,3,3,3,0,3,1 (strongly disagree,7 (strongly agree,4,1 (strongly disagree,26,,Male,29,Employed,,Other,Russia,Master's degree,<1000,Test Group 1,Education
2021-11-13 23:56:29,2021-11-14 00:04:20,IP Address,188.23.153.26,100,470,True,2021-11-14 00:04:20,R_xr9DfGuVqNN7AK5,,,,,47.2317962646484375,9.6013946533203125,anonymous,EN,5,Shoes,Hoodies,trousers,Every 6 month,1000,60,38,2,0,under 50 €,6,4,5,4,2,,,,,,,,0,2,7 (strongly influenced),1 (not influenced at all),4,7 (strongly influenced),3,5,5,,,,,,6,6,6,7 (strongly agree),50,5,4,7 (strongly agree,5,2,,10,Female,18,Employed,,Austria,,Compulsory schooling,1000-2000,Test Group 2,No Education
2021-11-14 07:49:24,2021-11-14 07:55:17,IP Address,193.80.27.233,100,352,True,2021-11-14 07:55:17,R_8qcAlzj9FeeuMnL,,,,,48.17120361328125,16.3209991455078125,anonymous,EN,6,design,uniqueness,price,Every 6 month,2000,70,20,5,5,50-80 €,7 (very important),7 (very important),6,2,2,60,2,7 (strongly influenced),7 (strongly influenced),4,7 (strongly influenced),6,,,,,,,,4,10,,,,,,2,3,5,4,20,5,5,2,3,1 (strongly disagree,,10,Female,27,Student,,Other,Russia,Bachelor's degree,2000-3000,Test Group 1,No Education
2021-11-14 14:18:17,2021-11-14 14:22:40,IP Address,212.46.179.153,100,263,True,2021-11-14 14:22:41,R_2B5pgkFLIaw6aQR,,,,,46.63079833984375,11.5404052734375,anonymous,EN,2,"quality ",price,brand,Every 6 month,300,20,50,10,20,under 50 €,7 (very important),4,6,3,3,27,3,6,5,4,7 (strongly influenced),4,,,,,,,,4,21,,,,,,5,4,4,5,21,4,4,5,4,2,31,,Male,24,Student,,Other,Italy,Master's degree,<1000,Test Group 1,Education
2021-11-14 14:32:06,2021-11-14 14:37:20,IP Address,193.80.14.228,100,314,True,2021-11-14 14:37:20,R_D8zTTFZTCvyOf29,,,,,48.0424957275390625,14.421295166015625,anonymous,EN,3,Longtivity,Style,Quality,Every 9 month,1000,50,10,40,0,101-150€,5,2,7 (very important),7 (very important),4,,,,,,,,39,6,1 (not influenced at all),5,2,3,4,6,35,,,,,,4,3,4,5,30,4,3,5,2,2,,25,Male,25,Employed,,Austria,,Bachelor's degree,2000-3000,Test Group 2,No Education
2021-11-14 14:27:45,2021-11-14 14:42:27,IP Address,77.119.213.193,100,882,True,2021-11-14 14:42:27,R_1K9L8t0LdErNo7b,,,,,48.204803466796875,16.380096435546875,anonymous,EN,5,,,,Every 3 month,700,30,70,0,0,under 50 €,7 (very important),5,5,5,3,,,,,,,,40,4,6,7 (strongly influenced),4,7 (strongly influenced),6,5,10,,,,,,6,6,6,7 (strongly agree),50,7 (strongly agree,5,6,5,2,25,,Female,22,Student,,Austria,,High school diploma,1000-2000,Test Group 2,Education
2021-11-14 14:43:45,2021-11-14 14:48:56,IP Address,90.146.102.90,100,310,True,2021-11-14 14:48:56,R_2qgdE8Mrz5WmjhA,,,,,48.307403564453125,14.285003662109375,anonymous,EN,7 (strongly agree),style,cleanliness,matching clothes,Less than once a year,300,70,20,1,9,50-80 €,5,5,3,1 (not important),1 (not important),60,5,5,6,4,5,2,,,,,,,,2,50,,,,,,5,3,7 (strongly agree),7 (strongly agree),20,5,5,7 (strongly agree,4,1 (strongly disagree,,30,Male,24,Employed,,Austria,,Bachelor's degree,1000-2000,Test Group 1,No Education
2021-11-14 14:45:36,2021-11-14 14:52:58,IP Address,89.144.223.56,100,441,True,2021-11-14 14:52:59,R_3pnCLnKMBqT3Emc,,,,,48.2154998779296875,16.3074951171875,anonymous,EN,5,Color,Material,Price,Every 6 month,250,90,10,0,0,under 50 €,7 (very important),5,7 (very important),5,3,,,,,,,,25,4,7 (strongly influenced),3,5,7 (strongly influenced),5,3,13,,,,,,3,3,7 (strongly agree),4,23,3,3,1 (strongly disagree,3,1 (strongly disagree,12,,Female,25,Employed,,Austria,,Bachelor's degree,1000-2000,Test Group 2,Education
2021-11-14 14:50:09,2021-11-14 14:58:05,IP Address,213.225.11.118,100,476,True,2021-11-14 14:58:05,R_2aG3rt4ullxQfDu,,,,,48.15350341796875,16.385498046875,anonymous,EN,6,T-shirt,Jeans,Shoes,Every 6 month,2000,70,30,0,0,50-80 €,7 (very important),4,6,3,4,69,4,5,5,4,5,4,,,,,,,,4,30,,,,,,4,2,6,5,15,5,4,4,5,3,36,,Male,25,Employed,,Austria,,High school diploma,2000-3000,Test Group 1,Education
2021-11-14 14:59:14,2021-11-14 15:02:50,IP Address,178.115.33.25,100,216,True,2021-11-14 15:02:50,R_1KkaDJcaFBwby6s,,,,,48.204803466796875,16.380096435546875,anonymous,EN,5,style,price,quality,Every 9 month,2000,50,40,10,0,50-80 €,6,5,5,5,4,100,6,5,5,3,5,6,,,,,,,,6,10,,,,,,6,6,6,6,30,6,6,7 (strongly agree,7 (strongly agree,3,,30,Female,23,Student,,Austria,,Bachelor's degree,<1000,Test Group 1,No Education
2021-11-14 14:58:27,2021-11-14 15:03:00,IP Address,89.144.209.215,100,272,True,2021-11-14 15:03:01,R_01bQSvkp5QO8TPr,,,,,48.195098876953125,16.348297119140625,anonymous,EN,5,T-Shirt,Underwear,socks,Every 3 month,700,50,50,0,0,under 50 €,3,7 (very important),7 (very important),6,5,40,6,1 (not influenced at all),1 (not influenced at all),4,6,1 (not influenced at all),,,,,,,,3,0,1 (strongly disagree),6,4,3,5,,,,,52,7 (strongly agree,7 (strongly agree,7 (strongly agree,7 (strongly agree,5,,48,Female,23,Employed,,Austria,,High school diploma,<1000,Test Group 1,No Education
2021-11-14 14:56:19,2021-11-14 15:06:38,IP Address,213.162.72.186,100,619,True,2021-11-14 15:06:38,R_3iF4YqCEiiRuTGj,,,,,48.204803466796875,16.380096435546875,anonymous,EN,5,jeans,shoes,jacket,Every 3 month,500,50,50,0,0,under 50 €,7 (very important),5,7 (very important),1 (not important),2,,,,,,,,40,2,5,5,5,3,6,2,29,,,,,,4,4,4,5,30,2,2,3,4,1 (strongly disagree,40,,Female,18,Student,,Austria,,High school diploma,<1000,Test Group 2,Education
2021-11-14 15:13:51,2021-11-14 15:18:47,IP Address,212.95.5.184,100,295,True,2021-11-14 15:18:47,R_3mftNWZYcbDYKT5,,,,,48.2169952392578125,16.3943939208984375,anonymous,EN,6,Long in style,Quality,Price,Every 6 month,600,100,0,0,0,81-100€,5,1 (not important),7 (very important),5,4,,,,,,,,41,1 (not influenced at all),7 (strongly influenced),7 (strongly influenced),1 (not influenced at all),7 (strongly influenced),1 (not influenced at all),5,38,,,,,,5,1 (strongly disagree,7 (strongly agree),7 (strongly agree),26,6,7 (strongly agree,7 (strongly agree,4,2,,32,Female,25,Employed,,Austria,,Master's degree,2000-3000,Test Group 2,No Education
2021-11-14 15:18:27,2021-11-14 15:25:21,IP Address,213.147.165.14,100,414,True,2021-11-14 15:25:21,R_2CCTorKNDj25Mpl,,,,,48.2154998779296875,16.3074951171875,anonymous,EN,4,comfort,practicable,good looks,Every 9 month,200,50,50,0,0,under 50 €,7 (very important),6,5,2,2,50,7 (strongly influenced),1 (not influenced at all),6,1 (not influenced at all),1 (not influenced at all),1 (not influenced at all),,,,,,,,4,0,1 (strongly disagree),7 (strongly agree),1 (strongly disagree),2,1 (strongly disagree),,,,,15,6,6,7 (strongly agree,3,1 (strongly disagree,20,,Female,23,Student,,Austria,,Bachelor's degree,<1000,Test Group 1,Education
2021-11-14 15:21:54,2021-11-14 15:32:28,IP Address,213.162.80.221,100,634,True,2021-11-14 15:32:29,R_3EmiPe94JcZEhIR,,,,,48.204803466796875,16.380096435546875,anonymous,EN,5,,,,Every 6 month,600,80,0,10,10,81-100€,5,3,5,5,4,,,,,,,,60,3,3,5,4,4,5,6,25,,,,,,6,5,5,4,10,6,4,3,3,3,25,,Male,25,Employed,,Austria,,High school diploma,2000-3000,Test Group 2,Education
2021-11-14 21:38:16,2021-11-14 21:51:48,IP Address,80.110.61.191,100,812,True,2021-11-14 21:51:48,R_VKYIIMFfqartleN,,,,,47.88299560546875,14.5500946044921875,anonymous,EN,6,comfort,quality,good fit,Every 3 month,500,50,40,10,0,50-80 €,6,4,6,5,5,79,6,4,4,5,4,5,,,,,,,,5,32,,,,,,6,5,7 (strongly agree),7 (strongly agree),66,7 (strongly agree,6,6,5,4,,49,Female,17,Student,,Austria,,Compulsory schooling,<1000,Test Group 1,No Education
2021-11-14 23:26:00,2021-11-14 23:30:08,IP Address,46.125.250.127,100,248,True,2021-11-14 23:30:09,R_Z7seMwkJE1Wj6Nj,,,,,47.0832977294921875,15.5666961669921875,anonymous,EN,3,Induviduality,Fairtrade,Brands,Less than once a year,300,60,20,20,0,50-80 €,7 (very important),7 (very important),7 (very important),4,5,,,,,,,,30,6,1 (not influenced at all),1 (not influenced at all),3,5,4,7 (I'm an expert),46,,,,,,7 (strongly agree),3,7 (strongly agree),7 (strongly agree),20,7 (strongly agree,7 (strongly agree,7 (strongly agree,3,4,,47,Male,18,Student,,Austria,,High school diploma,<1000,Test Group 2,No Education
2021-11-15 00:13:07,2021-11-15 00:19:53,IP Address,84.115.216.205,100,405,True,2021-11-15 00:19:53,R_3dLFLCTQMpXzfUk,,,,,48.2169952392578125,16.3943939208984375,anonymous,EN,5,Pleasant fabric,Goes with the rest of my wardrobe,Sustainable,Every 9 month,800,50,20,15,15,50-80 €,7 (very important),5,6,5,5,40,3,3,7 (strongly influenced),2,2,7 (strongly influenced),,,,,,,,6,50,,,,,,7 (strongly agree),5,6,7 (strongly agree),100,7 (strongly agree,6,7 (strongly agree,5,5,60,,Female,27,Employed,,Austria,,Bachelor's degree,1000-2000,Test Group 1,Education
2021-11-15 00:37:50,2021-11-15 00:45:57,IP Address,81.10.230.134,100,486,True,2021-11-15 00:45:57,R_d6cCzCTI0oUUSIN,,,,,48.4320068359375,14.3050994873046875,anonymous,EN,4,Fair fashion,Long living,Comfortable,Less than once a year,500,0,10,40,50,81-100€,6,2,7 (very important),4,7 (very important),,,,,,,,45,7 (strongly influenced),5,2,1 (not influenced at all),1 (not influenced at all),2,5,50,,,,,,6,5,3,4,51,5,5,7 (strongly agree,7 (strongly agree,7 (strongly agree,,90,Female,26,Employed,,Austria,,High school diploma,<1000,Test Group 2,No Education
2021-11-15 01:00:38,2021-11-15 01:07:09,IP Address,212.88.1.102,100,390,True,2021-11-15 01:07:09,R_R53x9qCtBfK4dzz,,,,,48.1981964111328125,16.391693115234375,anonymous,EN,5,Comfy,Loose,Cute,Every 6 month,200,35,40,25,0,50-80 €,6,5,5,3,2,,,,,,,,45,7 (strongly influenced),4,7 (strongly influenced),4,5,7 (strongly influenced),5,15,,,,,,7 (strongly agree),6,5,7 (strongly agree),40,5,4,7 (strongly agree,4,4,20,,Female,21,Student,,Austria,,High school diploma,<1000,Test Group 2,Education
2021-11-15 01:47:54,2021-11-15 01:51:51,IP Address,82.24.234.194,100,237,True,2021-11-15 01:51:52,R_24waBWAKGRcHPfT,,,,,51.5113067626953125,-0.271392822265625,anonymous,EN,6,Design,"Quality ",Price,Every 9 month,1000,50,25,25,0,101-150€,7 (very important),7 (very important),7 (very important),4,4,71,5,7 (strongly influenced),7 (strongly influenced),4,7 (strongly influenced),4,,,,,,,,5,4,,,,,,5,4,6,6,20,7 (strongly agree,5,7 (strongly agree,4,2,18,,Male,23,Student,,Austria,,Master's degree,<1000,Test Group 1,Education
2021-11-15 02:17:49,2021-11-15 02:24:45,IP Address,213.162.80.221,100,415,True,2021-11-15 02:24:45,R_3n91w5wvbAhacmq,,,,,48.204803466796875,16.380096435546875,anonymous,EN,5,Cozy,"Elegant ",Tight,Every 3 month,500,80,20,0,0,under 50 €,6,5,6,3,3,,,,,,,,40,4,5,5,2,6,3,5,0,4,5,2,2,2,,,,,25,7 (strongly agree,7 (strongly agree,4,4,2,,25,Female,25,Employed,,Austria,,High school diploma,1000-2000,Test Group 2,No Education
2021-11-15 02:21:46,2021-11-15 02:25:43,IP Address,77.116.171.237,100,236,True,2021-11-15 02:25:44,R_2riwF19AlnsTnjI,,,,,48.148101806640625,14.8928985595703125,anonymous,EN,5,"Comfortable ","Minimalistic ",Chic,Every 6 month,1000,80,0,20,0,under 50 €,7 (very important),5,7 (very important),7 (very important),6,25,1 (not influenced at all),6,7 (strongly influenced),4,6,4,,,,,,,,6,50,,,,,,5,7 (strongly agree),7 (strongly agree),7 (strongly agree),51,5,7 (strongly agree,7 (strongly agree,6,5,,53,Female,22,Student,,Austria,,Bachelor's degree,<1000,Test Group 1,No Education
2021-11-15 01:54:09,2021-11-15 02:30:32,IP Address,90.146.73.29,100,2183,True,2021-11-15 02:30:33,R_DBs6T7fMKGKROKd,,,,,48.21240234375,14.485595703125,anonymous,EN,5,fast fashion,shopping,styling,Every 9 month,500,70,30,0,0,50-80 €,7 (very important),4,4,4,2,,,,,,,,59,2,5,3,3,6,2,5,23,,,,,,3,2,7 (strongly agree),7 (strongly agree),70,7 (strongly agree,5,7 (strongly agree,4,4,29,,Female,23,Student,,Austria,,Bachelor's degree,<1000,Test Group 2,Education
2021-11-15 04:08:00,2021-11-15 04:15:36,IP Address,77.119.170.215,100,456,True,2021-11-15 04:15:37,R_3PyQNzyADxCwAMf,,,,,48.2169952392578125,16.3943939208984375,anonymous,EN,3,good fit,quality,price,Every 6 month,1000,80,20,0,0,50-80 €,6,6,5,3,2,,,,,,,,40,4,4,5,4,6,3,4,20,,,,,,4,4,5,5,25,5,5,4,3,2,,20,Male,23,Student,,Austria,,High school diploma,<1000,Test Group 2,No Education
2021-11-15 04:14:22,2021-11-15 04:20:58,IP Address,213.87.159.46,100,396,True,2021-11-15 04:20:59,R_UQQvXS5J964B9xT,,,,,55.7483062744140625,37.617095947265625,anonymous,EN,7 (strongly agree),Fascion,Convinience,Ecology,Less than once a year,3000,0,40,60,0,101-150€,7 (very important),5,7 (very important),5,5,120,5,7 (strongly influenced),5,5,6,5,,,,,,,,6,50,,,,,,7 (strongly agree),5,7 (strongly agree),7 (strongly agree),20,7 (strongly agree,7 (strongly agree,6,5,5,65,,Male,40,Self employed,,Other,Russia,Doctorate/Ph.D.,more,Test Group 1,Education
2021-11-15 05:00:01,2021-11-15 05:11:43,IP Address,109.252.184.88,100,702,True,2021-11-15 05:11:44,R_9pqeVhuhFi1A3oB,,,,,55.7483062744140625,37.617095947265625,anonymous,EN,5,T-short,Jeans,Sneakers,Every 6 month,2000,40,10,25,25,50-80 €,5,6,5,7 (very important),4,,,,,,,,60,5,5,6,5,6,4,5,80,,,,,,5,7 (strongly agree),7 (strongly agree),7 (strongly agree),40,7 (strongly agree,7 (strongly agree,7 (strongly agree,7 (strongly agree,7 (strongly agree,79,,Male,21,Employed,,Other,Mother Russia,Bachelor's degree,1000-2000,Test Group 2,Education
2021-11-15 06:58:37,2021-11-15 07:03:10,IP Address,109.166.135.31,100,273,True,2021-11-15 07:03:11,R_1KvwA8hLsynZZsu,,,,,44.4116973876953125,26.042205810546875,anonymous,EN,6,Comfort,Practical,Classy,Every 3 month,1000,0,50,50,0,50-80 €,7 (very important),5,7 (very important),7 (very important),7 (very important),,,,,,,,40,7 (strongly influenced),7 (strongly influenced),7 (strongly influenced),7 (strongly influenced),7 (strongly influenced),7 (strongly influenced),5,80,,,,,,7 (strongly agree),7 (strongly agree),7 (strongly agree),7 (strongly agree),20,7 (strongly agree,5,7 (strongly agree,6,5,,49,Female,23,Student,,Other,Romania,High school diploma,<1000,Test Group 2,No Education
2021-11-15 07:00:46,2021-11-15 07:06:32,IP Address,89.136.136.245,100,345,True,2021-11-15 07:06:32,R_2OZ5pJNl8msmXsL,,,,,44.4116973876953125,26.042205810546875,anonymous,EN,5,Comfiness,Color Scheme,Versatility,Every 6 month,200,10,20,40,30,50-80 €,6,6,5,4,4,55,6,6,3,4,5,5,,,,,,,,6,40,,,,,,5,4,5,7 (strongly agree),21,4,3,5,4,2,,54,Female,22,Student,,Other,Romanian,Bachelor's degree,<1000,Test Group 1,No Education
2021-11-15 07:03:09,2021-11-15 07:07:42,IP Address,83.69.220.238,100,272,True,2021-11-15 07:07:42,R_1gIKn9QiXv7D0G4,,,,,55.7483062744140625,37.617095947265625,anonymous,EN,4,Comfort,Price,Materials,Less than once a year,1000,0,60,40,0,50-80 €,4,5,6,6,5,50,3,3,2,3,3,3,,,,,,,,2,0,2,2,2,2,2,,,,,10,4,1 (strongly disagree,2,3,1 (strongly disagree,20,,Male,42,Employed,,Other,Russia,Doctorate/Ph.D.,more,Test Group 1,Education
2021-11-15 07:01:09,2021-11-15 07:13:30,IP Address,109.166.130.220,100,741,True,2021-11-15 07:13:30,R_2ZUl373iVQPkgAF,,,,,44.4116973876953125,26.042205810546875,anonymous,EN,6,Look,How comfy they’re,Material,Every 6 month,1000,30,60,10,0,under 50 €,6,3,6,2,4,,,,,,,,20,4,6,3,4,7 (strongly influenced),2,5,40,,,,,,3,4,5,3,70,4,5,3,4,1 (strongly disagree,,30,Female,18,Student,,Other,Romania,High school diploma,<1000,Test Group 2,No Education
2021-11-15 07:06:29,2021-11-15 07:18:40,IP Address,83.69.220.238,100,731,True,2021-11-15 07:18:40,R_22GnP3tAkQTtgdI,,,,,55.7483062744140625,37.617095947265625,anonymous,EN,7 (strongly agree),shoes,colors,accessories,Every 9 month,1200,0,10,10,80,81-100€,7 (very important),6,7 (very important),5,5,50,4,7 (strongly influenced),6,5,7 (strongly influenced),3,,,,,,,,5,33,,,,,,6,6,7 (strongly agree),5,20,5,3,7 (strongly agree,5,1 (strongly disagree,40,,Female,23,Student,,Other,Russia,Bachelor's degree,1000-2000,Test Group 1,Education
2021-11-15 07:14:34,2021-11-15 07:23:25,IP Address,5.12.101.0,100,530,True,2021-11-15 07:23:26,R_8If6n4Rb3ElUqxX,,,,,44.4116973876953125,26.042205810546875,anonymous,EN,5,Aesthetic,Comfort,Resistence,Every 6 month,50,10,40,40,10,under 50 €,7 (very important),7 (very important),6,4,4,,,,,,,,5,1 (not influenced at all),7 (strongly influenced),5,5,7 (strongly influenced),1 (not influenced at all),1 (No knowledge at all),2,,,,,,7 (strongly agree),4,4,4,40,4,6,3,5,3,50,,Male,22,Student,,Other,Romania,Bachelor's degree,<1000,Test Group 2,Education
2021-11-15 07:08:30,2021-11-15 07:23:59,IP Address,83.69.220.238,100,929,True,2021-11-15 07:24:00,R_3JwxIw8yN2jtknK,,,,,55.7483062744140625,37.617095947265625,anonymous,EN,7 (strongly agree),Fabric,Seams,Design,Every 9 month,200,40,50,10,0,under 50 €,7 (very important),3,7 (very important),7 (very important),7 (very important),,,,,,,,35,1 (not influenced at all),7 (strongly influenced),7 (strongly influenced),1 (not influenced at all),7 (strongly influenced),1 (not influenced at all),7 (I'm an expert),90,,,,,,1 (strongly disagree,7 (strongly agree),7 (strongly agree),1 (strongly disagree,10,7 (strongly agree,7 (strongly agree,4,4,1 (strongly disagree,30,,Male,24,Employed,,Other,Russia,Master's degree,2000-3000,Test Group 2,Education
2021-11-15 07:10:03,2021-11-15 07:24:01,IP Address,83.69.220.238,100,837,True,2021-11-15 07:24:01,R_3haouZTXpebknWX,,,,,55.7483062744140625,37.617095947265625,anonymous,EN,4,style,colour,"how it fits me ",Every 6 month,400,20,60,10,10,81-100€,7 (very important),4,5,7 (very important),4,20,2,7 (strongly influenced),5,2,7 (strongly influenced),3,,,,,,,,1 (No knowledge at all),2,,,,,,2,2,3,2,22,2,2,2,2,2,,7,Male,20,Student,,Other,Russia,Compulsory schooling,<1000,Test Group 1,No Education
2021-11-15 06:52:43,2021-11-15 07:25:56,IP Address,94.177.107.113,100,1992,True,2021-11-15 07:25:56,R_8J5dN08j92o8y4N,,,,,44.6999969482421875,25.899993896484375,anonymous,EN,2,Comfort,Looks,Durability,Less than once a year,200,15,70,0,15,under 50 €,6,4,6,6,4,31,5,5,1 (not influenced at all),3,5,4,,,,,,,,1 (No knowledge at all),0,3,3,1 (strongly disagree),3,3,,,,,0,5,3,3,4,1 (strongly disagree,,21,Male,22,Employed,,Other,Romania,High school diploma,<1000,Test Group 1,No Education
2021-11-15 07:22:46,2021-11-15 07:30:58,IP Address,46.39.227.190,100,491,True,2021-11-15 07:30:58,R_1exGjCOTeE58rnF,,,,,55.7483062744140625,37.617095947265625,anonymous,EN,7 (strongly agree),"Style ","Bag ","Smartness ",Every 3 month,3000,10,20,50,20,81-100€,7 (very important),6,7 (very important),6,6,40,5,6,6,3,7 (strongly influenced),5,,,,,,,,5,75,,,,,,7 (strongly agree),7 (strongly agree),7 (strongly agree),7 (strongly agree),30,6,6,6,6,5,75,,Female,37,Employed,,Other,"Russia ",Master's degree,3000-4000,Test Group 1,Education
2021-11-15 07:23:01,2021-11-15 07:31:06,IP Address,5.12.249.21,100,484,True,2021-11-15 07:31:06,R_2ALS9eujmFOVKHM,,,,,44.4116973876953125,26.042205810546875,anonymous,EN,3,Fashion,Cozy,Comfortable,Every 6 month,300,20,60,10,10,under 50 €,3,4,7 (very important),7 (very important),5,,,,,,,,20,7 (strongly influenced),4,1 (not influenced at all),3,7 (strongly influenced),1 (not influenced at all),4,30,,,,,,6,6,5,4,30,6,5,4,5,3,,49,Female,19,Student,,Other,Romania,Doctorate/Ph.D.,<1000,Test Group 2,No Education
2021-11-15 07:21:25,2021-11-15 07:32:39,IP Address,90.154.7.115,100,674,True,2021-11-15 07:32:40,R_XpKz20vmdFy5jBn,,,,,55.7483062744140625,37.617095947265625,anonymous,EN,7 (strongly agree),Cashmere sweater,"Expensive shoes ",It-bag,Every 3 month,5000,0,0,30,70,101-150€,7 (very important),1 (not important),7 (very important),4,1 (not important),20,3,4,7 (strongly influenced),4,7 (strongly influenced),5,,,,,,,,1 (No knowledge at all),9,,,,,,4,6,3,6,52,4,3,6,3,5,28,,Female,27,Employed,,Other,Russian,Master's degree,2000-3000,Test Group 1,Education
2021-11-15 07:23:36,2021-11-15 07:41:10,IP Address,213.87.90.42,100,1053,True,2021-11-15 07:41:10,R_3I3HeYNEfkQDYGS,,,,,55.7483062744140625,37.617095947265625,anonymous,EN,3,"comfortable ",fitting the shape,,Every 3 month,80000,100,0,0,0,50-80 €,7 (very important),4,5,2,4,50,2,5,5,1 (not influenced at all),7 (strongly influenced),3,,,,,,,,2,0,3,5,2,6,4,,,,,10,5,3,5,2,1 (strongly disagree,,14,Female,23,Employed,,Other,Russian,Bachelor's degree,<1000,Test Group 1,No Education
2021-11-15 07:11:58,2021-11-15 08:05:47,IP Address,83.69.220.238,100,3229,True,2021-11-15 08:05:47,R_2zC51Fh9jcvyurx,,,,,55.7483062744140625,37.617095947265625,anonymous,EN,6,Comfort,Quality,Good fit,Every 9 month,700,30,10,25,35,81-100€,5,4,7 (very important),4,3,,,,,,,,50,2,4,3,3,3,4,2,20,,,,,,3,4,2,5,30,7 (strongly agree,5,6,4,3,,35,Male,27,Employed,,Other,Russian,Master's degree,2000-3000,Test Group 2,No Education
2021-11-15 08:01:06,2021-11-15 08:12:10,IP Address,213.233.108.215,100,664,True,2021-11-15 08:12:10,R_tDNYjjWH7sJ4Th7,,,,,44.4116973876953125,26.042205810546875,anonymous,EN,2,Good fit,"Quality ","Comfort ",Every 3 month,1500,20,0,50,30,50-80 €,6,5,7 (very important),7 (very important),5,40,3,6,7 (strongly influenced),5,7 (strongly influenced),4,,,,,,,,5,10,,,,,,4,5,6,5,10,5,5,4,6,3,20,,Male,19,Student,,Other,Romanian,High school diploma,3000-4000,Test Group 1,Education
2021-11-15 08:04:26,2021-11-15 08:13:08,IP Address,86.120.188.10,100,522,True,2021-11-15 08:13:09,R_21n6cVINz6DerjJ,,,,,44.4116973876953125,26.042205810546875,anonymous,EN,5,"Comfortable ","Pretty ","Chic ",Every 3 month,2.000,10,90,0,0,under 50 €,7 (very important),2,4,4,4,170,4,5,5,5,3,5,,,,,,,,6,60,,,,,,4,4,5,5,26,6,4,4,5,2,,38,Female,19,Student,,Other,Romanian,High school diploma,<1000,Test Group 1,No Education
2021-11-15 08:24:18,2021-11-15 08:28:52,IP Address,109.166.136.122,100,273,True,2021-11-15 08:28:52,R_1pmbmrqiVal9JfQ,,,,,46.7657012939453125,23.59429931640625,anonymous,EN,7 (strongly agree),fit,style,fabrics,Every 3 month,10.000,0,100,0,0,50-80 €,7 (very important),7 (very important),7 (very important),5,3,,,,,,,,120,3,5,6,7 (strongly influenced),7 (strongly influenced),6,6,69,,,,,,4,6,7 (strongly agree),7 (strongly agree),74,7 (strongly agree,7 (strongly agree,5,4,5,72,,Female,19,Student,,Other,romania,High school diploma,1000-2000,Test Group 2,Education
2021-11-15 10:04:30,2021-11-15 10:10:00,IP Address,5.12.15.83,100,330,True,2021-11-15 10:10:00,R_7Pt2VQeWCFLq9Al,,,,,44.4116973876953125,26.042205810546875,anonymous,EN,2,Look,Price,Matching clothes,Every 6 month,500,5,60,25,10,50-80 €,5,3,6,6,4,,,,,,,,60,6,6,2,4,4,6,3,60,,,,,,5,4,6,6,20,4,4,6,5,2,49,,Male,18,Student,,Other,Romania,High school diploma,<1000,Test Group 2,Education
2021-11-15 10:18:41,2021-11-15 10:24:26,IP Address,188.26.138.53,100,345,True,2021-11-15 10:24:26,R_9RyK562F8JlSTgR,,,,,44.4116973876953125,26.042205810546875,anonymous,EN,1 (strongly disagree),Whether i like it or not,,,Every 6 month,200,0,80,20,0,under 50 €,7 (very important),4,4,4,4,,,,,,,,20,3,5,4,2,7 (strongly influenced),1 (not influenced at all),4,30,,,,,,1 (strongly disagree,1 (strongly disagree,4,4,10,1 (strongly disagree,1 (strongly disagree,1 (strongly disagree,1 (strongly disagree,1 (strongly disagree,,0,Male,19,Student,,Other,Romania,High school diploma,<1000,Test Group 2,No Education
2021-11-15 10:24:52,2021-11-15 10:30:07,IP Address,141.237.114.63,100,314,True,2021-11-15 10:30:07,R_XhTCv2RvNx3Nagx,,,,,40.6381072998046875,22.94549560546875,anonymous,EN,4,Comfort,Colour,Style,Every 9 month,300,30,60,0,10,under 50 €,5,3,3,5,2,25,4,4,2,3,4,1 (not influenced at all),,,,,,,,5,30,,,,,,2,2,4,5,20,3,3,2,2,1 (strongly disagree,,15,Male,21,Employed,,Other,Greek,High school diploma,1000-2000,Test Group 1,No Education
2021-11-15 10:34:04,2021-11-15 10:44:44,IP Address,86.121.12.65,100,640,True,2021-11-15 10:44:45,R_2YEWUIbCof5IBHN,,,,,44.4022064208984375,26.0623931884765625,anonymous,EN,7 (strongly agree),Good fit,Favourable price,Quality,Every 6 month,400,20,40,30,10,under 50 €,6,7 (very important),7 (very important),7 (very important),5,20,5,7 (strongly influenced),4,4,7 (strongly influenced),4,,,,,,,,1 (No knowledge at all),6,,,,,,6,6,7 (strongly agree),7 (strongly agree),30,7 (strongly agree,7 (strongly agree,6,5,2,70,,Female,19,Student,,Other,Romanian,High school diploma,<1000,Test Group 1,Education
2021-11-15 10:51:54,2021-11-15 10:57:53,IP Address,188.27.69.78,100,358,True,2021-11-15 10:57:53,R_3s7EKVqJ6nBkJfp,,,,,44.4116973876953125,26.042205810546875,anonymous,EN,4,Type,Color,Patterns,Every 6 month,100,10,50,30,10,50-80 €,7 (very important),7 (very important),6,6,5,,,,,,,,30,5,7 (strongly influenced),5,4,6,4,5,90,,,,,,4,4,5,5,49,4,4,4,5,1 (strongly disagree,51,,Male,22,Student,,Other,Romanian,High school diploma,1000-2000,Test Group 2,Education
2021-11-15 11:55:16,2021-11-15 12:00:12,IP Address,91.141.53.108,100,296,True,2021-11-15 12:00:13,R_2WSUWAG6lZtmqzG,,,,,48.2169952392578125,16.3943939208984375,anonymous,EN,4,Comfort,"Sustainability ","Price-Performance Ratio ",Every 9 month,350,0,60,10,30,under 50 €,5,7 (very important),7 (very important),6,5,55,6,3,4,5,5,6,,,,,,,,6,59,,,,,,5,5,7 (strongly agree),7 (strongly agree),75,5,6,7 (strongly agree,6,4,,50,Female,23,Employed,,Austria,,Bachelor's degree,2000-3000,Test Group 1,No Education
2021-11-15 11:56:33,2021-11-15 12:02:50,IP Address,178.138.35.60,100,376,True,2021-11-15 12:02:50,R_2y7QO6JGZPJ8IER,,,,,44.4116973876953125,26.042205810546875,anonymous,EN,4,Comfortable,"Fashion ",Expressive,Every 6 month,500,50,50,0,0,under 50 €,3,4,5,5,4,,,,,,,,40,4,4,4,4,5,2,2,70,,,,,,5,5,5,6,61,5,5,5,5,3,,55,Female,19,Student,,Other,Romania,High school diploma,<1000,Test Group 2,No Education
2021-11-15 11:55:21,2021-11-15 13:09:29,IP Address,109.166.129.73,100,4448,True,2021-11-15 13:09:29,R_3j6SlJtbJyzYeAR,,,,,44.4116973876953125,26.042205810546875,anonymous,EN,5,Elegance,Refinement," Convenience",Less than once a year,400,0,90,10,0,under 50 €,6,4,5,4,5,40,2,4,5,4,3,2,,,,,,,,6,80,,,,,,6,3,6,3,92,6,3,2,2,2,90,,Female,49,Self employed,,Other,Romanian,Master's degree,<1000,Test Group 1,Education
2021-11-15 16:14:25,2021-11-15 16:24:34,IP Address,109.102.147.90,100,609,True,2021-11-15 16:24:34,R_vwYNW7QwQMKdI9r,,,,,44.4116973876953125,26.042205810546875,anonymous,EN,5,Cotton made,Comfort,Favourable price,Less than once a year,200,15,50,15,20,under 50 €,5,6,6,5,5,15,1 (not influenced at all),7 (strongly influenced),4,5,6,4,,,,,,,,1 (No knowledge at all),0,3,5,2,2,2,,,,,10,4,4,4,4,2,5,,Female,21,Student,,Other,Romanian,High school diploma,<1000,Test Group 1,Education
2021-11-15 16:46:27,2021-11-15 16:55:37,IP Address,188.25.86.194,100,549,True,2021-11-15 16:55:37,R_3DnDxdOnnxiZ6Um,,,,,44.4116973876953125,26.042205810546875,anonymous,EN,3,"Comfortability ",Style,Material,Every 6 month,350,30,70,0,0,under 50 €,7 (very important),5,6,4,3,40,5,2,4,3,7 (strongly influenced),4,,,,,,,,1 (No knowledge at all),59,,,,,,3,4,2,5,50,4,3,4,2,1 (strongly disagree,,21,Female,23,Employed,,Other,Romania,Bachelor's degree,3000-4000,Test Group 1,No Education
2021-11-15 18:59:35,2021-11-15 19:07:25,IP Address,89.238.216.155,100,470,True,2021-11-15 19:07:26,R_3GxseI5j7oP5fr8,,,,,44.4116973876953125,26.042205810546875,anonymous,EN,3,How IT fits,Price,:),Less than once a year,300,10,50,40,0,under 50 €,6,6,7 (very important),6,5,,,,,,,,20,5,5,4,4,4,4,4,50,,,,,,4,4,5,5,15,5,4,3,4,2,,25,Male,23,Employed,,Other,Romania,Bachelor's degree,<1000,Test Group 2,No Education
2021-11-15 23:37:08,2021-11-15 23:55:54,IP Address,86.120.244.91,100,1126,True,2021-11-15 23:55:55,R_2WSudv9ZR7cN9aQ,,,,,44.4116973876953125,26.042205810546875,anonymous,EN,4,Quality,How it fits,The colours,Every 9 month,300,40,60,0,0,under 50 €,7 (very important),5,6,3,6,,,,,,,,30,2,6,5,5,7 (strongly influenced),2,2,50,,,,,,3,3,5,6,28,7 (strongly agree,6,5,4,3,35,,Female,19,Student,,Other,Romania,High school diploma,<1000,Test Group 2,Education
2021-11-16 01:16:20,2021-11-16 01:24:43,IP Address,79.113.171.116,100,503,True,2021-11-16 01:24:43,R_2bJmhEzOl1OpmmQ,,,,,44.4116973876953125,26.042205810546875,anonymous,EN,7 (strongly agree),"Fitting ","Personality ","Style ",Every 9 month,1200,90,10,0,0,under 50 €,7 (very important),6,6,1 (not important),4,15,1 (not influenced at all),7 (strongly influenced),3,1 (not influenced at all),7 (strongly influenced),1 (not influenced at all),,,,,,,,2,3,,,,,,4,4,4,4,0,4,4,4,4,4,,0,Female,23,Employed,,Other,"Romania ",Bachelor's degree,1000-2000,Test Group 1,No Education
2021-11-11 10:08:22,2021-11-11 10:26:59,IP Address,213.162.73.44,14,1117,False,2021-11-18 10:27:01,R_21unGfHggAsVGdX,,,,,,,anonymous,EN,3,quality,function,price level,Less than once a year,,,,,,,,,,,,,,,,,,,,,,,,,,,,,,,,,,,,,,,,,,,,,,,,,,,,,,
2021-11-11 10:24:59,2021-11-11 10:31:51,IP Address,213.162.73.139,55,412,False,2021-11-18 10:31:52,R_2sTpPphDlghmT9l,,,,,,,anonymous,EN,2,"Pullover ",Jeans,Shoes,Every 3 month,2500,20,10,60,10,101-150€,7 (very important),5,6,5,3,41,1 (not influenced at all),1 (not influenced at all),2,2,2,1 (not influenced at all),,,,,,,,4,50,,,,,,,,,,,,,,,,,,,,,,,,,,Test Group 1,
2021-11-11 13:29:17,2021-11-11 13:35:39,IP Address,158.255.181.189,55,381,False,2021-11-18 13:35:44,R_UoTcfmUfOPpKiGZ,,,,,,,anonymous,EN,4,Fit,Quality,Price,Less than once a year,1500,25,25,25,25,50-80 €,5,5,5,4,4,45,2,6,5,4,6,5,,,,,,,,1 (No knowledge at all),5,,,,,,,,,,,,,,,,,,,,,,,,,,Test Group 1,
2021-11-11 15:30:34,2021-11-11 15:30:55,IP Address,213.65.145.79,14,20,False,2021-11-18 15:31:00,R_1hNetX1BzZkuf2Y,,,,,,,anonymous,EN,4,,,,Less than once a year,,,,,,,,,,,,,,,,,,,,,,,,,,,,,,,,,,,,,,,,,,,,,,,,,,,,,,
2021-11-11 15:29:35,2021-11-11 15:47:35,IP Address,146.241.25.174,14,1079,False,2021-11-18 15:47:37,R_27KeAddCiwsqIry,,,,,,,anonymous,EN,3,,,,Less than once a year,,,,,,,,,,,,,,,,,,,,,,,,,,,,,,,,,,,,,,,,,,,,,,,,,,,,,,
2021-11-11 19:33:49,2021-11-11 19:36:33,IP Address,84.115.216.163,28,164,False,2021-11-18 19:36:34,R_9EsCkxuP8DJjNZf,,,,,,,anonymous,EN,2,comfort,style,quality,Every 9 month,1000,60,30,0,10,50-80 €,7 (very important),2,3,4,2,,,,,,,,,,,,,,,,,,,,,,,,,,,,,,,,,,,,,,,,,,Test Group 1,
2021-11-12 01:51:46,2021-11-12 01:55:38,IP Address,130.223.150.174,55,231,False,2021-11-19 01:55:39,R_cSEZVqsxwlRb1n3,,,,,,,anonymous,EN,5,design,durability,comfy,Every 9 month,400,0,100,0,0,50-80 €,5,6,7 (very important),5,4,60,1 (not influenced at all),6,2,4,5,4,,,,,,,,6,30,,,,,,,,,,,,,,,,,,,,,,,,,,Test Group 1,
2021-11-12 02:02:06,2021-11-12 02:05:20,IP Address,37.160.203.66,38,193,False,2021-11-19 02:05:24,R_2rikl6wbLi7SPsJ,,,,,,,anonymous,EN,6,"Style ",Personality,"Comfort ",Every 9 month,700,40,30,0,30,50-80 €,6,6,6,4,5,,,,,,,,,,,,,,,,,,,,,,,,,,,,,,,,,,,,,,,,,,Test Group 2,
2021-11-12 02:05:00,2021-11-12 02:08:27,IP Address,178.197.192.197,55,206,False,2021-11-19 02:08:34,R_DvL8tUuUMHRSo3n,,,,,,,anonymous,EN,5,upcycled,price,brand,Every 9 month,2000,10,10,60,20,101-150€,7 (very important),5,5,6,5,,,,,,,,50,2,4,5,2,4,5,2,49,,,,,,,,,,,,,,,,,,,,,,,,,,Test Group 2,
2021-11-12 02:34:04,2021-11-12 02:34:46,IP Address,193.80.96.205,14,41,False,2021-11-19 02:34:47,R_bHkpMCKZQlh4Rbz,,,,,,,anonymous,EN,5,,,,Every 9 month,,,,,,,,,,,,,,,,,,,,,,,,,,,,,,,,,,,,,,,,,,,,,,,,,,,,,,
2021-11-12 02:41:57,2021-11-12 02:45:42,IP Address,189.161.89.200,28,224,False,2021-11-19 02:45:44,R_11bTQ1afrFEVrD5,,,,,,,anonymous,EN,7 (strongly agree),"Originally ","Difference ","Completely ",Every 6 month,1500,30,50,20,0,under 50 €,7 (very important),3,7 (very important),2,2,,,,,,,,,,,,,,,,,,,,,,,,,,,,,,,,,,,,,,,,,,Test Group 1,
2021-11-12 15:56:07,2021-11-12 16:03:55,IP Address,176.107.80.167,48,467,False,2021-11-19 16:03:58,R_eysKwDNBecaPM8V,,,,,,,anonymous,EN,6,"Accessoires ",Outwear,Pants,Less than once a year,800,0,60,40,0,81-100€,7 (very important),3,7 (very important),3,2,,,,,,,,26,1 (not influenced at all),7 (strongly influenced),7 (strongly influenced),4,7 (strongly influenced),6,,,,,,,,,,,,,,,,,,,,,,,,,,,,Test Group 2,
2021-11-14 14:58:06,2021-11-14 14:58:31,IP Address,90.146.203.179,14,25,False,2021-11-21 14:58:35,R_2xMiuEAzLyXoOoX,,,,,,,anonymous,EN,7 (strongly agree),,,,Every 3 month,,,,,,,,,,,,,,,,,,,,,,,,,,,,,,,,,,,,,,,,,,,,,,,,,,,,,,
2021-11-22 01:14:47,2021-11-22 01:22:12,IP Address,83.242.179.132,100,444,True,2021-11-22 01:22:12,R_ulUoP6khCedfDdn,,,,,55.7483062744140625,37.617095947265625,anonymous,EN,5,Stylish,Convenient,Character,Every 9 month,10000,0,0,70,30,more,6,6,7 (very important),5,6,60,5,6,6,4,6,1 (not influenced at all),,,,,,,,5,60,,,,,,6,4,6,6,30,6,5,5,5,6,60,,Female,48,Employed,,Other,Russia,Master's degree,more,Test Group 1,Education
2021-11-15 01:44:29,2021-11-15 01:46:47,IP Address,90.146.88.57,55,137,False,2021-11-22 01:46:49,R_p3IEw9zD6jmUJDb,,,,,,,anonymous,EN,5,,,,Every 6 month,600,30,40,10,20,under 50 €,6,6,4,3,3,57,4,5,5,4,5,5,,,,,,,,4,12,,,,,,,,,,,,,,,,,,,,,,,,,,Test Group 1,
2021-11-15 06:53:48,2021-11-15 06:54:15,IP Address,109.249.183.84,14,27,False,2021-11-22 06:54:16,R_278agheVTU6FW53,,,,,,,anonymous,EN,7 (strongly agree),,,,Less than once a year,,,,,,,,,,,,,,,,,,,,,,,,,,,,,,,,,,,,,,,,,,,,,,,,,,,,,,
2021-11-15 07:03:16,2021-11-15 07:16:33,IP Address,90.154.7.115,55,796,False,2021-11-22 07:16:33,R_1CHpaqohm6TmVsE,,,,,,,anonymous,EN,6,"Comfort ","Style ",Price,Every 3 month,6000,0,20,60,20,101-150€,6,2,7 (very important),3,6,,,,,,,,40,3,5,4,4,7 (strongly influenced),6,3,39,,,,,,,,,,,,,,,,,,,,,,,,,,Test Group 2,
2021-11-15 07:03:12,2021-11-15 07:33:01,IP Address,83.69.220.238,38,1789,False,2021-11-22 07:33:06,R_1q1VTpCSUOCZn6D,,,,,,,anonymous,EN,7 (strongly agree),fashion,comfortable,,Every 3 month,250000,0,80,0,20,50-80 €,7 (very important),6,6,6,3,,,,,,,,,,,,,,,,,,,,,,,,,,,,,,,,,,,,,,,,,,Test Group 2,
2021-11-15 08:10:23,2021-11-15 08:12:17,IP Address,5.12.101.15,14,114,False,2021-11-22 08:12:18,R_21yWZoortEaK8Hw,,,,,,,anonymous,EN,6,"comfort ","aspect ","color ",Less than once a year,,,,,,,,,,,,,,,,,,,,,,,,,,,,,,,,,,,,,,,,,,,,,,,,,,,,,,
2021-11-15 09:55:12,2021-11-15 09:58:40,IP Address,95.76.92.93,55,207,False,2021-11-22 09:58:41,R_323MfcA2svhFFyR,,,,,,,anonymous,EN,7 (strongly agree),,,,Less than once a year,1000,0,50,50,0,50-80 €,7 (very important),3,7 (very important),3,4,40,5,7 (strongly influenced),7 (strongly influenced),7 (strongly influenced),7 (strongly influenced),1 (not influenced at all),,,,,,,,1 (No knowledge at all),42,,,,,,,,,,,,,,,,,,,,,,,,,,Test Group 1,
2021-11-15 12:17:34,2021-11-15 12:55:55,IP Address,82.77.109.81,55,2300,False,2021-11-22 12:55:56,R_9M0p3GvcN94P46B,,,,,,,anonymous,EN,5,,,,Every 3 month,300,50,50,0,0,50-80 €,4,4,7 (very important),7 (very important),4,,,,,,,,54,7 (strongly influenced),4,4,4,4,4,7 (I'm an expert),72,,,,,,,,,,,,,,,,,,,,,,,,,,Test Group 2,
2021-11-15 16:40:17,2021-11-15 16:45:08,IP Address,188.214.249.2,55,290,False,2021-11-22 16:45:14,R_3lXleJyqhTR7AWr,,,,,,,anonymous,EN,5,price,color matching,fit,Less than once a year,500,50,50,0,0,50-80 €,7 (very important),7 (very important),4,7 (very important),4,,,,,,,,21,1 (not influenced at all),7 (strongly influenced),1 (not influenced at all),1 (not influenced at all),7 (strongly influenced),1 (not influenced at all),5,30,,,,,,,,,,,,,,,,,,,,,,,,,,Test Group 2,
2021-11-16 08:09:43,2021-11-16 08:21:39,IP Address,62.231.103.145,48,716,False,2021-11-23 08:21:40,R_2bZdUzvWgslnZc9,,,,,,,anonymous,EN,6,Comfort,Style,Colour,Less than once a year,600,0,10,0,90,under 50 €,7 (very important),7 (very important),7 (very important),7 (very important),7 (very important),,,,,,,,0,7 (strongly influenced),7 (strongly influenced),4,1 (not influenced at all),7 (strongly influenced),1 (not influenced at all),,,,,,,,,,,,,,,,,,,,,,,,,,,,Test Group 2,
